Year,Month,Unit,Dacoity,Robbery,Murder,Speedy_Trial,Riot,Woman_Child_Repression,Kidnapping,Police_Assault,Burglary,Theft,Other_Cases,Arms_Act,Explosive_Act,Narcotics,Smuggling,Recovery_Cases,Total_Cases
2021,January,DMP,3,15,18,12,0,185,7,7,68,128,504,5,4,1532,17,1558,2505.0
2021,January,CMP,0,3,9,11,0,77,0,7,8,17,150,35,11,240,4,290,572.0
2021,January,KMP,0,1,2,0,0,8,3,1,2,18,24,3,0,79,3,85,144.0
2021,January,RMP,0,2,2,0,0,18,1,1,2,5,39,1,0,329,26,356,426.0
2021,January,BMP,0,1,2,1,0,5,0,0,7,12,50,1,0,48,0,49,127.0
2021,January,SMP,0,2,2,5,0,23,1,1,3,15,89,0,0,87,8,95,236.0
2021,January,RPMP,0,0,0,9,0,21,1,0,3,12,50,0,0,68,0,68,164.0
2021,January,GMP,1,6,2,3,0,28,5,1,7,8,57,5,0,100,0,105,223.0
2021,January,Dhaka Range,12,19,51,7,0,279,10,6,45,132,1011,10,5,643,6,664,2236.0
2021,January,Mymensingh Range,0,1,7,15,0,142,2,0,9,39,458,2,0,392,14,408,1081.0
2021,January,Chittagong Range,9,9,46,10,0,189,9,10,34,94,919,23,6,920,5,954,2283.0
2021,January,Sylhet Range,1,3,16,6,0,81,1,3,5,44,357,1,2,150,33,186,703.0
2021,January,Khulna Range,2,12,19,2,0,157,0,2,16,65,674,9,2,559,20,590,1539.0
2021,January,Barishal Range,1,1,13,8,0,85,1,3,10,17,378,1,0,234,0,235,752.0
2021,January,Rajshahi Range,1,7,42,2,0,182,2,4,5,39,496,17,7,818,63,905,1685.0
2021,January,Rangpur Range,3,4,25,0,0,159,2,1,8,46,680,1,0,416,39,456,1384.0
2021,January,Railway Range,0,1,1,1,0,2,0,0,0,3,9,0,0,24,0,24,41.0
2021,February,DMP,0,8,12,5,0,171,4,11,55,101,459,7,3,1224,15,1249,2075.0
2021,February,CMP,0,4,3,12,0,55,3,5,12,26,144,46,2,270,2,320,584.0
2021,February,KMP,0,0,1,0,0,8,0,1,2,8,41,1,0,92,0,93,154.0
2021,February,RMP,0,3,1,0,0,18,4,2,0,7,49,0,0,221,18,239,323.0
2021,February,BMP,0,1,2,0,0,5,0,0,3,5,41,0,0,50,0,50,107.0
2021,February,SMP,0,0,4,13,0,33,0,5,3,13,85,1,0,75,4,80,236.0
2021,February,RPMP,0,0,1,1,0,17,1,0,0,9,37,0,0,65,0,65,131.0
2021,February,GMP,3,3,8,3,0,32,4,0,4,16,66,2,1,72,0,75,214.0
2021,February,Dhaka Range,14,17,54,10,0,277,8,6,37,116,918,14,2,846,3,865,2322.0
2021,February,Mymensingh Range,0,3,20,12,0,130,2,0,5,38,470,0,3,269,15,287,967.0
2021,February,Chittagong Range,4,11,43,8,0,198,8,7,33,91,908,33,7,891,11,942,2253.0
2021,February,Sylhet Range,0,5,15,5,0,75,1,5,5,54,297,6,0,223,29,258,720.0
2021,February,Khulna Range,2,4,27,1,1,151,4,3,21,91,604,14,0,632,15,661,1570.0
2021,February,Barishal Range,2,1,9,10,0,110,0,1,12,23,372,0,1,197,0,198,738.0
2021,February,Rajshahi Range,1,6,30,5,0,158,1,2,6,39,566,21,6,802,66,895,1709.0
2021,February,Rangpur Range,0,1,18,4,0,158,2,2,18,41,662,2,3,457,19,481,1387.0
2021,February,Railway Range,0,0,1,1,0,1,0,0,1,7,8,0,0,36,0,36,55.0
2021,March,DMP,3,8,7,6,1,223,8,14,50,115,531,8,5,1303,8,1324,2290.0
2021,March,CMP,1,6,8,17,0,77,4,3,15,22,143,54,3,334,1,392,688.0
2021,March,KMP,0,0,1,0,0,9,0,2,1,10,35,2,0,117,0,119,177.0
2021,March,RMP,0,2,1,0,0,19,0,1,1,5,53,0,0,292,19,311,393.0
2021,March,BMP,0,1,2,3,0,8,0,0,5,5,30,1,0,71,0,72,126.0
2021,March,SMP,0,1,2,7,0,20,0,1,4,12,83,3,0,61,5,69,199.0
2021,March,RPMP,0,0,0,4,0,11,0,0,7,16,41,0,0,72,2,74,153.0
2021,March,GMP,0,3,4,4,0,47,2,4,5,11,76,5,0,123,0,128,284.0
2021,March,Dhaka Range,7,28,90,13,0,332,6,17,46,107,1100,9,2,799,3,813,2559.0
2021,March,Mymensingh Range,1,1,15,17,0,189,3,0,9,44,502,4,0,488,18,510,1291.0
2021,March,Chittagong Range,7,12,54,17,0,259,9,21,24,98,1070,34,5,1118,13,1170,2741.0
2021,March,Sylhet Range,0,1,21,2,0,71,3,7,5,40,368,2,0,174,26,202,720.0
2021,March,Khulna Range,3,11,24,5,0,196,3,0,23,89,688,18,0,848,33,899,1941.0
2021,March,Barishal Range,1,1,8,7,0,108,1,1,11,24,407,2,1,307,0,310,879.0
2021,March,Rajshahi Range,0,7,34,4,0,210,4,6,7,48,606,13,1,992,57,1063,1989.0
2021,March,Rangpur Range,0,3,24,4,0,221,2,2,12,69,698,1,1,503,32,537,1572.0
2021,March,Railway Range,0,0,0,0,0,0,0,0,0,7,8,0,0,34,1,35,50.0
2021,April,DMP,1,13,18,3,3,177,2,8,50,95,454,8,2,947,8,965,1789.0
2021,April,CMP,0,4,9,14,0,51,2,2,11,22,174,68,0,181,1,250,539.0
2021,April,KMP,0,0,1,0,0,6,0,0,5,11,32,0,0,97,0,97,152.0
2021,April,RMP,0,3,5,0,0,18,0,0,1,4,55,1,0,128,12,141,227.0
2021,April,BMP,0,2,0,0,0,13,0,0,2,12,35,1,0,76,0,77,141.0
2021,April,SMP,0,0,2,3,0,26,0,1,3,16,110,3,0,72,7,82,243.0
2021,April,RPMP,0,0,2,2,0,31,1,1,1,12,67,0,0,29,0,29,146.0
2021,April,GMP,0,2,4,2,0,53,2,2,6,11,68,2,0,62,1,65,215.0
2021,April,Dhaka Range,6,23,65,13,5,301,7,9,26,118,1263,13,7,592,3,615,2451.0
2021,April,Mymensingh Range,0,0,17,12,0,168,4,3,6,36,635,2,0,292,6,300,1181.0
2021,April,Chittagong Range,2,6,56,11,0,209,6,12,19,67,1214,30,2,845,13,890,2492.0
2021,April,Sylhet Range,2,4,27,2,0,72,3,2,8,33,394,2,0,151,25,178,720.0
2021,April,Khulna Range,1,10,25,3,0,200,5,5,13,66,792,6,4,489,13,512,1632.0
2021,April,Barishal Range,1,4,14,3,0,119,0,1,12,20,528,6,1,188,1,196,898.0
2021,April,Rajshahi Range,1,5,34,4,0,213,2,3,3,43,665,14,1,889,61,965,1938.0
2021,April,Rangpur Range,1,4,28,3,0,198,2,2,10,51,853,2,0,349,15,366,1518.0
2021,April,Railway Range,0,0,0,0,0,0,0,0,0,4,6,0,0,10,0,10,20.0
2021,May,DMP,4,17,19,11,0,172,1,5,52,116,488,17,5,1064,12,1098,1983.0
2021,May,CMP,1,4,2,18,0,54,5,1,17,21,193,47,0,209,0,256,572.0
2021,May,KMP,0,2,3,0,0,13,0,0,1,8,33,0,0,94,0,94,154.0
2021,May,RMP,0,1,1,0,0,16,0,0,4,7,53,2,0,174,11,187,269.0
2021,May,BMP,1,0,0,2,0,12,1,0,6,6,35,3,0,70,0,73,136.0
2021,May,SMP,0,0,5,6,0,22,1,1,2,11,97,3,0,81,5,89,234.0
2021,May,RPMP,0,0,1,5,0,16,0,0,8,10,64,0,0,42,0,42,144.0
2021,May,GMP,0,3,6,2,0,37,3,3,2,15,66,1,0,70,0,71,208.0
2021,May,Dhaka Range,8,19,54,13,0,304,12,8,30,98,1182,21,5,683,3,712,2440.0
2021,May,Mymensingh Range,0,2,19,17,0,191,0,2,2,51,704,2,0,270,12,284,1272.0
2021,May,Chittagong Range,3,14,54,22,0,250,6,11,36,91,1314,35,1,1021,8,1065,2866.0
2021,May,Sylhet Range,2,5,26,0,0,84,1,3,5,27,440,2,0,156,15,173,766.0
2021,May,Khulna Range,1,5,32,5,0,177,2,1,10,63,762,7,2,571,12,592,1650.0
2021,May,Barishal Range,1,4,17,7,0,85,0,0,15,25,537,2,3,235,0,240,931.0
2021,May,Rajshahi Range,1,5,33,8,0,187,3,6,8,55,675,17,1,852,47,917,1898.0
2021,May,Rangpur Range,1,2,22,0,0,229,4,3,5,56,846,2,0,456,30,468,1636.0
2021,May,Railway Range,0,0,1,0,0,0,0,0,0,4,3,0,0,5,0,5,13.0
2021,June,DMP,4,15,10,13,0,213,3,4,58,105,570,8,3,1373,9,1393,2388.0
2021,June,CMP,0,6,4,13,0,87,3,3,15,25,187,52,0,254,7,313,656.0
2021,June,KMP,0,1,0,0,0,18,0,1,1,11,38,1,0,97,2,100,170.0
2021,June,RMP,0,1,5,1,1,13,0,0,2,3,40,2,0,134,7,143,209.0
2021,June,BMP,0,1,0,2,0,12,1,0,4,14,30,2,0,90,0,92,156.0
2021,June,SMP,0,2,3,6,0,30,0,1,6,19,81,0,0,69,5,74,222.0
2021,June,RPMP,0,0,2,2,0,22,1,0,2,10,51,1,0,65,0,66,156.0
2021,June,GMP,1,1,3,3,0,41,1,0,2,12,60,4,0,96,0,100,224.0
2021,June,Dhaka Range,20,13,58,9,2,363,13,11,40,112,946,25,2,1018,4,1049,2636.0
2021,June,Mymensingh Range,0,2,20,17,0,238,2,2,4,43,528,4,1,307,11,323,1179.0
2021,June,Chittagong Range,6,14,46,13,0,294,12,6,27,108,988,28,0,1205,22,1255,2769.0
2021,June,Sylhet Range,3,4,18,4,0,113,1,1,5,48,373,4,0,171,31,206,776.0
2021,June,Khulna Range,2,8,23,3,0,196,3,2,19,77,678,7,1,583,11,602,1613.0
2021,June,Barishal Range,2,5,19,13,0,123,5,4,8,24,441,1,0,214,0,215,859.0
2021,June,Rajshahi Range,0,7,28,11,0,231,3,5,7,65,629,13,5,863,59,940,1926.0
2021,June,Rangpur Range,0,4,28,2,0,273,2,1,17,58,743,0,0,413,32,445,1573.0
2021,June,Railway Range,0,2,0,0,0,1,0,0,0,4,11,1,0,15,0,16,34.0
2021,July,DMP,1,7,8,7,0,190,2,2,44,98,428,12,5,970,7,994,1781.0
2021,July,CMP,0,5,9,13,0,57,0,1,15,29,130,40,0,107,3,150,409.0
2021,July,KMP,0,0,1,0,0,13,0,0,2,8,24,0,0,75,2,77,125.0
2021,July,RMP,0,2,2,1,0,11,0,0,7,4,58,0,0,141,6,147,232.0
2021,July,BMP,1,0,0,2,0,11,0,0,5,8,38,2,0,72,0,74,139.0
2021,July,SMP,0,3,1,5,0,26,0,1,7,12,68,3,0,55,6,64,187.0
2021,July,RPMP,0,0,1,6,0,28,1,0,0,16,38,0,0,45,0,45,135.0
2021,July,GMP,1,1,10,2,0,30,3,1,3,18,50,1,0,77,0,78,197.0
2021,July,Dhaka Range,7,14,59,20,0,288,4,5,45,100,937,29,1,678,2,710,2189.0
2021,July,Mymensingh Range,0,1,19,11,0,194,1,2,4,50,564,2,0,189,21,212,1058.0
2021,July,Chittagong Range,5,10,45,12,0,225,6,7,43,98,959,36,6,1040,11,1093,2503.0
2021,July,Sylhet Range,2,2,19,1,0,78,1,1,3,42,326,3,0,179,31,213,688.0
2021,July,Khulna Range,0,4,28,2,0,129,1,1,23,62,612,12,1,446,15,474,1336.0
2021,July,Barishal Range,2,0,10,7,0,108,1,1,16,19,374,2,0,181,0,183,721.0
2021,July,Rajshahi Range,2,8,34,12,0,198,2,7,5,58,576,12,3,853,47,915,1817.0
2021,July,Rangpur Range,1,4,33,2,0,230,2,3,18,55,715,1,0,306,25,332,1395.0
2021,July,Railway Range,0,0,0,0,0,1,0,0,0,4,4,0,0,4,0,4,13.0
2021,August,DMP,1,13,13,4,0,171,1,4,74,124,487,8,5,1384,24,1421,2313.0
2021,August,CMP,0,7,5,15,1,66,1,1,21,35,159,37,0,184,1,222,533.0
2021,August,KMP,0,0,0,0,0,10,0,0,4,17,30,3,0,104,1,108,169.0
2021,August,RMP,0,2,4,1,0,10,0,0,3,4,38,3,0,374,7,384,446.0
2021,August,BMP,0,0,1,1,0,19,0,1,4,16,31,0,0,93,0,93,166.0
2021,August,SMP,0,0,2,5,0,24,0,0,1,16,83,5,0,78,9,92,223.0
2021,August,RPMP,0,0,0,0,0,11,2,0,5,13,45,0,0,67,0,67,143.0
2021,August,GMP,1,3,1,0,0,34,2,1,6,11,57,1,0,108,0,109,225.0
2021,August,Dhaka Range,9,16,59,22,1,332,6,5,50,115,913,25,4,843,3,875,2403.0
2021,August,Mymensingh Range,0,2,24,13,0,225,1,0,6,60,549,0,1,342,19,362,1242.0
2021,August,Chittagong Range,6,16,58,10,0,245,8,7,49,95,845,50,2,1314,23,1389,2728.0
2021,August,Sylhet Range,0,3,18,3,0,104,2,0,5,48,316,2,0,218,26,246,745.0
2021,August,Khulna Range,3,9,26,2,0,184,0,3,19,70,595,10,1,681,18,710,1621.0
2021,August,Barishal Range,3,3,11,6,0,121,0,0,13,27,313,2,0,286,2,290,787.0
2021,August,Rajshahi Range,4,7,30,8,0,230,5,5,10,76,576,21,4,1535,53,1613,2564.0
2021,August,Rangpur Range,3,2,25,3,0,293,4,3,26,65,676,2,0,424,23,449,1549.0
2021,August,Railway Range,0,1,1,0,0,0,0,0,0,13,11,0,0,13,0,13,39.0
2021,September,DMP,1,12,19,4,0,221,6,1,44,105,507,9,7,1438,13,1467,2387.0
2021,September,CMP,1,10,3,11,0,70,0,0,25,26,173,48,0,213,1,262,581.0
2021,September,KMP,0,0,4,0,0,9,0,0,2,10,22,1,0,97,0,98,145.0
2021,September,RMP,0,1,7,0,0,17,0,2,2,9,51,1,0,276,11,288,377.0
2021,September,BMP,0,0,0,0,0,11,0,0,6,8,37,1,0,90,0,91,153.0
2021,September,SMP,0,1,3,7,0,41,0,1,5,16,108,0,0,68,5,73,255.0
2021,September,RPMP,0,0,2,3,0,22,0,0,4,13,40,0,0,62,0,62,146.0
2021,September,GMP,2,1,6,1,0,34,3,1,2,12,65,4,0,100,0,104,231.0
2021,September,Dhaka Range,9,27,47,13,0,319,6,13,30,151,868,27,1,816,7,851,2334.0
2021,September,Mymensingh Range,0,1,17,8,0,204,3,0,2,60,494,3,0,354,17,374,1163.0
2021,September,Chittagong Range,3,8,56,6,0,266,12,9,42,109,849,39,4,1345,15,1403,2763.0
2021,September,Sylhet Range,1,5,18,5,0,112,0,0,10,45,339,2,0,177,22,201,736.0
2021,September,Khulna Range,0,8,27,5,0,194,0,5,22,76,635,10,2,539,13,564,1536.0
2021,September,Barishal Range,1,1,9,3,0,131,2,1,8,26,294,1,0,272,1,274,750.0
2021,September,Rajshahi Range,1,9,31,8,0,245,1,3,12,64,619,16,1,1242,71,1330,2323.0
2021,September,Rangpur Range,3,1,17,3,0,238,4,1,19,82,616,0,1,364,21,386,1370.0
2021,September,Railway Range,1,1,1,0,0,1,0,0,0,18,8,1,0,34,1,36,66.0
2021,October,DMP,4,13,17,7,0,215,5,6,46,110,597,10,5,1472,16,1503,2523.0
2021,October,CMP,0,8,2,2,0,102,4,1,12,23,162,15,0,169,1,185,501.0
2021,October,KMP,1,0,1,0,0,12,0,0,0,11,40,2,0,83,2,87,152.0
2021,October,RMP,0,2,1,0,0,12,1,0,3,9,47,0,0,281,9,290,365.0
2021,October,BMP,0,0,2,4,0,10,0,0,9,10,49,0,0,92,0,92,176.0
2021,October,SMP,0,6,2,4,0,26,1,2,11,18,80,1,0,62,1,64,214.0
2021,October,RPMP,0,0,1,1,0,17,0,0,2,13,53,0,0,58,0,58,145.0
2021,October,GMP,1,0,4,5,0,38,4,0,0,17,58,2,0,109,0,111,238.0
2021,October,Dhaka Range,8,28,60,18,1,299,1,13,35,123,904,20,1,690,7,718,2208.0
2021,October,Mymensingh Range,1,0,10,13,0,179,1,0,1,46,436,2,0,274,25,301,988.0
2021,October,Chittagong Range,6,10,43,4,0,265,5,21,32,105,963,33,2,945,8,988,2442.0
2021,October,Sylhet Range,1,6,14,0,0,79,3,3,5,27,310,2,0,140,16,158,606.0
2021,October,Khulna Range,3,8,17,3,0,170,2,2,24,82,563,21,4,519,17,561,1435.0
2021,October,Barishal Range,3,4,12,1,0,128,1,1,19,19,400,1,0,246,0,247,835.0
2021,October,Rajshahi Range,0,8,37,7,0,185,5,6,11,61,553,20,2,1224,54,1300,2173.0
2021,October,Rangpur Range,1,1,18,1,0,229,2,2,18,55,578,1,0,305,18,324,1229.0
2021,October,Railway Range,0,0,2,0,0,0,0,0,0,12,7,0,0,18,1,19,40.0
2021,November,DMP,1,12,11,11,0,134,5,6,41,126,584,10,10,1981,19,2020,2951.0
2021,November,CMP,0,10,8,11,0,74,1,0,18,24,149,23,0,258,2,283,578.0
2021,November,KMP,2,2,0,0,0,12,2,0,2,4,43,1,0,80,1,82,149.0
2021,November,RMP,0,1,2,2,1,13,1,0,2,5,49,1,0,216,15,232,308.0
2021,November,BMP,0,0,0,1,0,14,0,0,2,5,48,1,0,81,0,82,152.0
2021,November,SMP,0,3,0,5,0,22,0,2,7,8,91,2,0,94,3,99,237.0
2021,November,RPMP,0,0,1,1,0,17,0,2,0,11,50,1,0,44,0,45,127.0
2021,November,GMP,2,3,5,5,0,36,4,0,4,10,53,1,0,86,0,87,209.0
2021,November,Dhaka Range,7,18,63,11,1,251,5,20,25,98,881,41,11,667,2,721,2101.0
2021,November,Mymensingh Range,0,0,8,10,0,151,3,13,7,40,420,4,1,278,7,290,942.0
2021,November,Chittagong Range,4,10,48,10,3,214,6,13,37,80,815,58,4,988,14,1064,2304.0
2021,November,Sylhet Range,4,2,17,2,0,59,0,2,8,35,284,5,0,203,22,230,643.0
2021,November,Khulna Range,0,5,29,9,0,123,1,4,6,59,524,12,4,513,11,540,1300.0
2021,November,Barishal Range,6,2,14,14,0,93,2,3,10,15,308,4,1,209,4,218,685.0
2021,November,Rajshahi Range,0,7,30,7,0,147,1,14,7,44,569,23,10,908,40,981,1807.0
2021,November,Rangpur Range,2,6,14,1,0,143,0,14,8,62,592,2,0,269,17,288,1130.0
2021,November,Railway Range,0,1,1,0,0,0,0,0,0,6,6,2,0,29,2,33,47.0
2021,December,DMP,0,11,14,6,0,146,5,1,61,120,530,16,20,1525,21,1582,2476.0
2021,December,CMP,1,9,4,9,0,80,2,1,12,31,163,14,0,201,3,218,530.0
2021,December,KMP,0,1,1,1,0,5,0,0,3,5,38,1,0,85,1,87,141.0
2021,December,RMP,0,0,1,0,1,6,1,0,1,4,65,0,0,205,15,220,299.0
2021,December,BMP,0,0,1,0,0,9,0,0,4,7,22,0,0,85,0,85,128.0
2021,December,SMP,0,2,1,7,0,16,0,0,4,9,79,0,0,75,8,83,201.0
2021,December,RPMP,0,0,0,0,0,10,0,0,3,17,58,0,0,50,0,50,138.0
2021,December,GMP,1,3,5,1,0,21,0,0,2,9,53,0,0,75,0,75,170.0
2021,December,Dhaka Range,8,18,48,13,1,214,8,11,32,114,941,21,6,610,1,638,2046.0
2021,December,Mymensingh Range,0,6,15,11,0,144,4,2,4,37,448,1,0,215,19,235,906.0
2021,December,Chittagong Range,4,6,37,5,0,209,2,7,25,74,745,60,2,957,19,1038,2152.0
2021,December,Sylhet Range,0,3,16,1,0,57,0,5,3,39,255,3,0,117,22,142,521.0
2021,December,Khulna Range,2,3,24,15,0,138,1,4,12,74,549,18,2,497,14,531,1333.0
2021,December,Barishal Range,1,0,13,5,0,89,1,1,12,19,363,3,2,191,0,196,700.0
2021,December,Rajshahi Range,1,11,36,4,0,124,0,9,6,54,546,26,3,846,53,928,1719.0
2021,December,Rangpur Range,0,2,15,1,0,158,5,6,8,65,641,1,0,287,5,293,1194.0
2021,December,Railway Range,0,1,0,0,0,0,0,0,0,9,14,0,0,16,1,17,41.0
2022,January,DMP,3,10,9,12,0,170,5,5,49,112,510,7,0,1640,9,1663,2548.0
2022,January,CMP,2,3,2,13,0,53,1,4,9,36,188,13,1,221,0,235,546.0
2022,January,KMP,0,0,2,0,0,12,0,0,4,4,32,1,1,101,0,103,157.0
2022,January,RMP,0,9,3,5,0,14,1,0,0,9,39,0,1,214,14,229,309.0
2022,January,BMP,1,0,3,1,0,9,1,2,6,9,32,2,1,100,0,103,167.0
2022,January,SMP,0,2,0,5,0,26,0,1,3,12,72,1,0,84,0,85,206.0
2022,January,RPMP,0,0,0,1,0,23,1,0,3,13,73,1,0,56,0,57,171.0
2022,January,GMP,0,3,4,2,0,28,3,0,1,6,58,1,0,87,0,88,193.0
2022,January,Dhaka Range,14,18,76,16,0,209,7,12,40,119,971,24,6,761,4,795,2277.0
2022,January,Mymensingh Range,0,2,16,16,0,128,1,4,5,49,496,2,0,252,15,269,986.0
2022,January,Chittagong Range,5,14,50,5,0,187,4,7,32,94,802,50,2,1115,24,1191,2391.0
2022,January,Sylhet Range,1,2,15,2,0,60,1,1,7,36,312,1,0,137,15,153,590.0
2022,January,Khulna Range,2,10,29,5,0,131,3,4,18,64,549,16,3,636,22,677,1492.0
2022,January,Barishal Range,1,3,13,3,0,79,1,1,13,29,345,3,1,273,1,278,766.0
2022,January,Rajshahi Range,0,10,21,7,0,142,4,10,5,52,592,19,7,1005,66,1097,1940.0
2022,January,Rangpur Range,1,5,20,1,0,162,4,2,18,73,590,6,0,332,10,348,1224.0
2022,January,Railway Range,0,0,1,0,0,0,2,0,0,12,14,0,0,34,1,35,64.0
2022,February,DMP,4,16,12,14,0,141,2,6,49,135,511,12,5,1549,19,1585,2475.0
2022,February,CMP,2,7,4,10,0,46,0,1,18,25,177,20,0,167,1,188,478.0
2022,February,KMP,0,1,2,0,0,13,0,0,2,5,22,2,0,103,0,105,150.0
2022,February,RMP,0,2,2,0,0,13,0,1,4,8,30,0,0,209,8,217,277.0
2022,February,BMP,0,0,1,0,0,13,0,0,7,15,32,0,0,82,0,82,150.0
2022,February,SMP,0,2,3,6,0,17,0,1,4,6,86,0,0,52,3,55,180.0
2022,February,RPMP,0,0,0,0,0,8,0,0,0,15,48,0,0,44,0,44,115.0
2022,February,GMP,6,2,1,3,0,23,4,0,0,12,57,1,0,84,0,85,193.0
2022,February,Dhaka Range,15,22,56,12,0,250,7,10,38,125,910,15,5,861,0,881,2326.0
2022,February,Mymensingh Range,1,1,14,4,0,124,4,4,5,42,453,1,0,328,16,345,997.0
2022,February,Chittagong Range,1,9,44,8,0,160,5,14,22,80,804,63,3,1136,12,1214,2361.0
2022,February,Sylhet Range,1,2,13,1,0,81,1,1,3,37,267,2,1,163,30,196,603.0
2022,February,Khulna Range,1,5,23,5,0,120,0,2,13,70,550,12,4,745,14,775,1564.0
2022,February,Barishal Range,3,5,4,5,0,95,0,2,11,16,301,0,0,268,0,268,710.0
2022,February,Rajshahi Range,2,6,31,11,0,172,0,3,14,64,518,28,2,1107,77,1214,2035.0
2022,February,Rangpur Range,1,3,22,2,0,176,2,0,16,60,557,2,0,379,9,390,1229.0
2022,February,Railway Range,0,2,2,0,0,2,0,0,4,7,17,0,0,32,0,32,59.0
2022,March,DMP,1,16,17,13,0,199,3,12,60,146,680,7,10,1465,17,1499,2646.0
2022,March,CMP,0,3,1,13,0,69,1,1,9,29,172,18,1,156,2,177,475.0
2022,March,KMP,0,0,1,0,0,12,0,0,2,4,34,1,1,89,1,92,145.0
2022,March,RMP,0,1,1,0,0,18,1,1,2,8,48,1,0,261,1,263,343.0
2022,March,BMP,0,0,0,1,0,18,1,0,5,10,59,1,0,108,0,109,203.0
2022,March,SMP,0,2,1,5,0,31,0,0,4,10,94,1,0,73,5,79,226.0
2022,March,RPMP,0,0,2,3,0,16,0,0,0,18,64,0,0,38,0,38,141.0
2022,March,GMP,4,1,10,3,0,53,1,1,2,15,75,2,0,85,1,88,253.0
2022,March,Dhaka Range,17,25,57,24,0,312,8,17,51,160,1105,14,9,834,3,860,2636.0
2022,March,Mymensingh Range,2,6,20,6,0,196,5,1,3,56,553,2,0,309,26,337,1185.0
2022,March,Chittagong Range,6,14,37,6,0,231,6,7,28,108,904,49,3,1293,29,1374,2721.0
2022,March,Sylhet Range,1,3,15,2,0,83,3,2,8,50,353,0,0,261,13,274,794.0
2022,March,Khulna Range,1,5,28,6,0,160,1,2,12,67,638,9,4,578,14,605,1525.0
2022,March,Barishal Range,3,6,7,1,0,126,1,3,13,29,366,4,0,252,0,256,811.0
2022,March,Rajshahi Range,0,7,28,11,0,227,2,8,7,87,608,31,1,1165,72,1269,2254.0
2022,March,Rangpur Range,0,3,21,1,0,224,4,1,17,74,621,0,0,428,8,436,1402.0
2022,March,Railway Range,0,2,1,0,0,1,0,1,0,17,25,0,0,35,2,37,84.0
2022,April,DMP,3,8,16,13,0,184,5,9,68,151,700,9,6,1217,29,1261,2418.0
2022,April,CMP,0,11,4,12,0,75,3,3,21,48,199,18,1,175,1,195,571.0
2022,April,KMP,0,0,0,0,0,12,0,1,3,3,29,1,0,83,0,84,132.0
2022,April,RMP,0,1,5,0,0,15,1,1,2,4,40,1,0,206,0,207,276.0
2022,April,BMP,1,1,2,0,0,11,0,4,5,9,38,1,0,92,0,93,164.0
2022,April,SMP,0,0,5,5,0,20,0,2,5,15,87,4,0,55,6,65,204.0
2022,April,RPMP,0,0,0,0,0,24,0,0,1,14,71,0,0,43,0,43,153.0
2022,April,GMP,1,7,2,4,0,40,1,1,2,14,86,0,0,70,0,70,228.0
2022,April,Dhaka Range,11,26,56,48,0,347,7,10,46,145,1266,15,5,752,2,774,2736.0
2022,April,Mymensingh Range,1,2,17,8,0,182,1,2,1,62,750,3,0,308,26,337,1363.0
2022,April,Chittagong Range,2,16,55,9,0,181,7,7,26,103,1027,78,1,1212,22,1313,2746.0
2022,April,Sylhet Range,2,6,15,1,0,93,1,4,2,39,445,0,1,155,27,183,791.0
2022,April,Khulna Range,0,10,31,4,0,154,2,3,11,88,813,11,2,616,12,641,1757.0
2022,April,Barishal Range,1,3,12,0,0,106,3,2,13,25,440,2,0,241,3,246,851.0
2022,April,Rajshahi Range,3,11,28,3,0,237,1,3,7,83,765,26,4,1057,69,1156,2297.0
2022,April,Rangpur Range,1,2,21,4,0,195,3,3,15,71,808,1,0,404,11,416,1539.0
2022,April,Railway Range,0,3,0,0,0,0,0,0,0,13,14,0,0,28,3,31,61.0
2022,May,DMP,0,11,11,9,1,186,3,8,68,133,626,4,7,1411,10,1432,2488.0
2022,May,CMP,0,9,6,17,0,76,3,2,19,28,173,18,1,144,3,166,499.0
2022,May,KMP,0,0,1,0,0,21,0,0,2,8,24,1,0,73,1,75,131.0
2022,May,RMP,0,2,3,1,0,17,0,0,3,6,54,1,0,247,0,248,334.0
2022,May,BMP,0,1,0,1,0,15,0,0,4,7,43,1,0,96,0,97,168.0
2022,May,SMP,0,0,3,2,0,26,0,2,4,14,67,0,0,57,2,59,177.0
2022,May,RPMP,0,0,0,2,0,15,0,0,0,12,57,0,0,42,0,42,128.0
2022,May,GMP,3,1,3,0,0,31,3,0,5,15,71,1,0,79,0,80,212.0
2022,May,Dhaka Range,13,24,65,28,0,333,9,7,32,102,1167,18,4,855,3,880,2660.0
2022,May,Mymensingh Range,0,4,26,12,0,190,3,2,4,31,685,2,0,270,24,296,1253.0
2022,May,Chittagong Range,4,9,41,8,0,213,5,10,1,36,1024,61,0,1077,17,1155,2586.0
2022,May,Sylhet Range,0,1,19,1,0,83,0,2,5,30,421,0,1,184,21,206,768.0
2022,May,Khulna Range,1,2,27,1,0,184,1,2,16,67,722,9,2,574,7,592,1615.0
2022,May,Barishal Range,0,5,11,7,0,116,1,1,9,21,441,2,0,246,0,248,860.0
2022,May,Rajshahi Range,1,12,38,4,0,251,1,6,7,58,773,26,1,1121,63,1211,2362.0
2022,May,Rangpur Range,2,2,21,3,0,241,3,2,17,56,751,3,0,380,9,392,1490.0
2022,May,Railway Range,0,2,1,0,0,3,0,0,0,15,15,0,0,20,1,21,57.0
2022,June,DMP,3,10,21,7,0,199,4,15,63,131,684,6,5,1342,23,1376,2513.0
2022,June,CMP,0,11,7,12,0,66,2,1,11,29,152,15,0,142,3,160,451.0
2022,June,KMP,1,0,2,1,0,13,0,1,2,2,32,2,1,87,0,90,144.0
2022,June,RMP,0,2,3,0,0,13,1,1,3,16,49,0,0,209,2,211,299.0
2022,June,BMP,0,1,1,1,0,17,0,0,2,9,42,0,0,77,0,77,150.0
2022,June,SMP,0,0,1,4,0,26,0,2,2,9,71,0,0,68,5,73,188.0
2022,June,RPMP,0,0,0,0,0,7,0,0,0,20,59,0,0,27,0,27,113.0
2022,June,GMP,1,4,3,1,0,47,3,1,1,13,72,1,0,68,0,69,215.0
2022,June,Dhaka Range,16,20,60,30,0,323,11,10,48,153,1096,20,2,838,0,860,2627.0
2022,June,Mymensingh Range,0,3,15,12,0,218,5,2,7,44,502,3,0,330,29,362,1170.0
2022,June,Chittagong Range,5,12,38,8,0,237,7,6,34,103,903,38,1,1172,20,1231,2584.0
2022,June,Sylhet Range,3,3,10,3,0,87,0,1,5,36,312,3,1,151,12,167,627.0
2022,June,Khulna Range,7,4,23,5,0,184,3,6,14,74,768,9,1,672,14,696,1784.0
2022,June,Barishal Range,4,3,12,5,0,121,0,6,12,27,355,1,0,221,0,222,767.0
2022,June,Rajshahi Range,0,6,25,5,0,259,4,4,12,83,685,28,2,1084,70,1184,2267.0
2022,June,Rangpur Range,0,5,24,4,0,219,5,0,11,84,694,2,0,340,6,348,1394.0
2022,June,Railway Range,0,1,4,0,0,3,0,0,0,9,11,0,0,39,2,41,69.0
2022,July,DMP,4,13,13,12,0,174,3,3,70,121,621,5,0,1190,5,1205,2239.0
2022,July,CMP,0,6,7,12,0,51,4,0,10,28,171,11,0,137,5,153,442.0
2022,July,KMP,0,0,2,1,0,14,1,0,6,6,20,0,0,71,0,71,121.0
2022,July,RMP,0,2,4,0,0,9,1,0,5,3,46,2,0,215,0,217,287.0
2022,July,BMP,0,1,2,1,0,17,0,0,4,3,32,1,0,82,0,83,143.0
2022,July,SMP,0,2,1,8,0,25,0,1,5,15,87,0,0,59,6,65,209.0
2022,July,RPMP,0,0,0,3,0,12,0,0,2,12,60,0,0,20,0,20,109.0
2022,July,GMP,2,4,8,3,0,40,1,0,1,3,66,3,0,58,0,61,189.0
2022,July,Dhaka Range,14,31,74,15,0,296,5,8,47,133,1140,11,5,751,2,769,2532.0
2022,July,Mymensingh Range,3,3,27,9,0,199,6,2,6,43,603,1,0,261,39,301,1202.0
2022,July,Chittagong Range,5,15,40,12,0,246,4,9,42,101,954,49,0,1087,29,1165,2593.0
2022,July,Sylhet Range,1,1,31,0,0,75,0,6,5,41,359,0,0,177,10,187,706.0
2022,July,Khulna Range,3,6,24,5,0,180,0,0,18,84,744,18,1,574,13,606,1670.0
2022,July,Barishal Range,3,1,18,1,0,109,1,2,10,23,367,3,0,252,0,255,790.0
2022,July,Rajshahi Range,1,6,34,8,0,198,2,2,7,55,576,12,5,853,47,915,1817.0
2022,July,Rangpur Range,1,5,21,1,0,230,2,7,20,63,771,1,0,306,25,332,1395.0
2022,July,Railway Range,0,1,0,0,0,1,0,0,0,9,19,0,0,28,1,29,59.0
2022,August,DMP,2,10,17,20,0,181,6,4,73,151,679,3,7,1448,17,1475,2618.0
2022,August,CMP,0,6,7,16,0,70,1,3,13,24,185,6,0,210,5,221,546.0
2022,August,KMP,0,0,2,0,0,17,1,0,3,5,41,1,0,64,0,65,134.0
2022,August,RMP,1,4,1,2,0,27,0,0,7,9,45,2,0,248,1,251,347.0
2022,August,BMP,0,2,2,0,0,15,0,0,3,10,36,0,0,77,0,77,145.0
2022,August,SMP,0,0,2,8,0,34,0,1,5,12,85,1,0,67,2,70,217.0
2022,August,RPMP,0,0,1,0,0,16,1,1,0,15,55,0,0,33,0,33,122.0
2022,August,GMP,1,3,6,0,0,28,1,1,5,10,56,6,1,98,0,105,216.0
2022,August,Dhaka Range,13,31,59,17,0,337,15,8,64,143,1061,22,5,856,4,887,2635.0
2022,August,Mymensingh Range,2,4,20,8,0,225,7,4,11,67,637,2,0,345,40,387,1242.0
2022,August,Chittagong Range,8,14,47,14,1,255,5,14,49,93,969,40,6,1094,39,1179,2633.0
2022,August,Sylhet Range,1,3,17,3,0,104,2,2,2,47,405,3,0,218,26,246,772.0
2022,August,Khulna Range,5,6,21,3,0,184,3,1,26,92,705,8,5,644,17,674,1704.0
2022,August,Barishal Range,2,4,9,0,0,121,1,0,15,29,329,2,0,220,0,222,741.0
2022,August,Rajshahi Range,2,13,32,8,0,230,1,3,14,99,713,20,2,1288,47,1357,2544.0
2022,August,Rangpur Range,3,5,23,1,0,293,4,2,19,82,806,2,0,399,6,407,1650.0
2022,August,Railway Range,0,2,0,0,0,1,0,0,0,22,15,0,0,34,2,36,76.0
2022,September,DMP,4,15,18,14,4,173,2,4,61,175,605,6,7,1241,13,1267,2342.0
2022,September,CMP,1,8,6,9,0,69,1,2,16,26,144,6,0,182,1,189,471.0
2022,September,KMP,0,2,1,1,0,20,1,0,6,7,26,1,0,83,0,84,148.0
2022,September,RMP,0,3,3,0,0,16,0,0,3,12,54,1,0,214,1,216,307.0
2022,September,BMP,2,0,1,0,0,15,0,1,5,9,41,0,0,72,0,72,146.0
2022,September,SMP,0,0,2,6,0,32,0,1,6,9,87,0,0,57,4,61,204.0
2022,September,RPMP,0,0,0,2,0,12,0,0,0,12,51,0,0,34,0,34,111.0
2022,September,GMP,3,1,3,4,0,35,1,2,4,12,68,4,1,88,0,93,226.0
2022,September,Dhaka Range,15,31,67,32,0,310,7,5,46,128,980,13,6,902,5,926,2547.0
2022,September,Mymensingh Range,3,3,23,3,0,222,7,3,4,50,512,2,0,314,53,369,1199.0
2022,September,Chittagong Range,11,21,55,15,2,230,10,11,40,107,804,36,3,1105,49,1193,2499.0
2022,September,Sylhet Range,2,2,19,3,0,109,2,3,8,59,343,1,0,203,30,234,784.0
2022,September,Khulna Range,2,3,22,6,1,202,1,4,21,101,701,7,3,650,31,691,1755.0
2022,September,Barishal Range,1,2,12,1,0,111,0,1,6,38,309,4,1,228,0,233,714.0
2022,September,Rajshahi Range,2,12,30,4,0,247,4,7,9,84,654,21,4,1083,35,1143,2196.0
2022,September,Rangpur Range,1,4,19,2,0,277,3,1,22,84,739,1,0,389,4,394,1546.0
2022,September,Railway Range,0,2,2,0,0,0,1,0,0,13,14,3,0,38,2,43,75.0
2022,October,DMP,0,9,13,31,0,158,6,7,51,119,676,5,14,1240,11,1270,2340.0
2022,October,CMP,0,5,5,4,0,56,6,2,13,32,146,3,1,182,2,188,457.0
2022,October,KMP,0,0,1,1,0,19,1,0,7,4,29,2,0,69,0,71,133.0
2022,October,RMP,0,5,0,0,0,17,1,1,1,5,51,2,0,218,0,220,301.0
2022,October,BMP,0,0,2,1,0,18,0,1,6,8,41,0,1,80,0,81,158.0
2022,October,SMP,0,1,0,8,0,34,1,0,8,6,70,1,0,61,10,72,200.0
2022,October,RPMP,0,0,1,0,0,23,0,0,0,22,48,0,0,27,0,27,121.0
2022,October,GMP,0,2,6,1,0,39,6,3,2,19,75,1,1,88,2,92,245.0
2022,October,Dhaka Range,9,24,77,33,0,320,12,9,41,126,1014,14,2,919,3,938,2603.0
2022,October,Mymensingh Range,0,3,30,5,0,179,6,3,5,46,470,2,0,306,34,342,1103.0
2022,October,Chittagong Range,16,20,38,9,0,214,9,12,42,88,932,26,2,988,40,1056,2436.0
2022,October,Sylhet Range,2,2,12,4,0,89,1,4,8,32,350,1,2,175,29,207,711.0
2022,October,Khulna Range,7,5,22,7,0,168,3,1,21,96,676,12,8,580,22,622,1628.0
2022,October,Barishal Range,1,1,11,2,0,125,1,1,19,23,496,0,0,198,0,198,878.0
2022,October,Rajshahi Range,3,17,35,7,0,208,2,4,13,75,657,26,3,1128,31,1188,2209.0
2022,October,Rangpur Range,0,5,22,4,0,260,6,2,15,64,671,0,0,348,10,358,1407.0
2022,October,Railway Range,0,3,2,0,0,1,0,1,0,19,12,5,0,33,2,40,78.0
2022,November,DMP,2,13,14,10,3,142,3,5,51,134,630,3,19,1331,9,1362,2369.0
2022,November,CMP,1,5,7,2,0,42,3,1,20,36,130,2,0,213,5,220,467.0
2022,November,KMP,0,0,1,1,0,19,0,0,3,6,26,0,0,69,0,69,125.0
2022,November,RMP,0,0,0,0,0,5,0,2,5,7,48,1,1,211,0,213,280.0
2022,November,BMP,1,0,1,2,0,11,0,0,3,9,47,0,0,88,0,88,162.0
2022,November,SMP,0,0,1,6,0,26,0,0,7,11,71,2,0,39,6,47,169.0
2022,November,RPMP,0,0,0,0,0,13,1,0,0,20,49,0,0,27,0,27,110.0
2022,November,GMP,1,2,5,2,0,33,5,6,2,11,80,4,1,116,2,123,270.0
2022,November,Dhaka Range,7,30,64,22,0,260,4,14,43,105,986,17,24,944,4,989,2324.0
2022,November,Mymensingh Range,0,2,24,3,0,159,3,2,9,45,484,3,3,382,22,410,1141.0
2022,November,Chittagong Range,6,14,38,13,0,177,8,6,27,66,787,30,5,1077,45,1157,2299.0
2022,November,Sylhet Range,0,3,16,5,0,62,2,5,4,51,352,1,0,141,21,163,663.0
2022,November,Khulna Range,4,7,23,5,0,163,0,3,21,92,658,9,5,626,26,666,1642.0
2022,November,Barishal Range,1,3,8,2,0,88,3,1,8,26,307,0,1,203,0,204,651.0
2022,November,Rajshahi Range,5,7,28,7,0,182,1,7,14,73,691,37,43,1081,32,1193,2208.0
2022,November,Rangpur Range,1,6,23,5,0,204,1,3,20,75,727,1,0,342,11,354,1419.0
2022,November,Railway Range,0,0,2,0,0,0,0,0,4,9,2,0,32,5,39,54,
2022,December,DMP,1,14,11,10,0,105,7,10,50,95,445,3,34,961,7,1605,1753.0
2022,December,CMP,0,5,4,3,0,28,1,2,13,36,116,4,1,173,4,182,390.0
2022,December,KMP,1,0,4,0,0,18,0,1,5,4,39,1,0,76,0,77,149.0
2022,December,RMP,0,0,1,0,0,16,2,0,1,4,41,0,0,206,2,208,273.0
2022,December,BMP,0,0,0,1,0,7,1,0,4,8,38,1,1,79,0,81,140.0
2022,December,SMP,0,0,0,6,0,12,0,3,2,6,58,0,0,42,12,54,141.0
2022,December,RPMP,0,0,0,2,0,5,0,0,0,10,40,0,0,33,0,33,90.0
2022,December,GMP,1,1,6,2,0,27,2,1,1,10,80,1,3,83,1,88,219.0
2022,December,Dhaka Range,10,26,51,17,1,182,3,8,27,135,813,8,29,957,4,998,2271.0
2022,December,Mymensingh Range,1,0,12,3,0,123,1,3,14,27,455,0,5,275,31,311,950.0
2022,December,Chittagong Range,3,13,38,8,0,155,6,15,28,82,719,33,8,1001,40,1082,2149.0
2022,December,Sylhet Range,1,2,11,0,0,58,1,3,3,52,313,1,0,160,19,180,624.0
2022,December,Khulna Range,0,3,18,2,0,118,1,0,9,75,566,11,23,631,14,679,1471.0
2022,December,Barishal Range,3,1,5,2,0,77,3,1,9,28,318,3,18,216,3,240,687.0
2022,December,Rajshahi Range,1,6,20,4,0,135,4,2,9,59,626,32,8,940,21,1001,1867.0
2022,December,Rangpur Range,1,2,17,4,0,136,2,7,14,64,681,0,0,405,10,415,1343.0
2022,December,Railway Range,0,1,2,0,0,0,0,0,0,8,9,0,0,29,1,30,50.0
2023,January,DMP,0,19,9,23,1,122,4,4,42,122,540,7,12,10,1332,1303,2218.0
2023,January,CMP,1,10,5,2,0,29,3,6,11,29,117,1,2,2,238,233,451.0
2023,January,KMP,1,0,1,0,24,1,0,2,6,30,2,0,87,90,155,1,
2023,January,RMP,0,5,2,0,16,1,0,2,8,49,1,5,172,178,261,0,
2023,January,BMP,1,0,0,0,15,0,1,5,13,38,0,0,74,74,147,0,
2023,January,SMP,0,2,0,5,0,10,0,0,3,11,55,0,0,17,64,47,150.0
2023,January,RPMP,0,0,0,0,12,0,0,0,18,46,1,0,29,30,106,0,
2023,January,GMP,1,2,4,4,0,26,2,3,1,6,76,1,1,0,80,78,205.0
2023,January,Dhaka Range,12,25,48,21,0,221,5,9,30,117,879,17,0,8,986,961,2353.0
2023,January,Mymensingh Range,0,2,14,7,0,108,1,0,7,44,478,3,7,37,347,300,1008.0
2023,January,Chittagong Range,6,16,43,5,0,134,6,8,36,100,693,37,2,50,1171,1082,2218.0
2023,January,Sylhet Range,0,5,15,5,0,45,0,3,1,51,334,0,1,36,227,190,686.0
2023,January,Khulna Range,3,4,15,4,0,121,2,0,10,76,587,6,1,18,711,686,1533.0
2023,January,Barishal Range,2,2,13,3,0,78,1,2,8,26,326,2,0,1,251,248,712.0
2023,January,Rajshahi Range,0,11,22,4,0,146,2,0,12,78,582,29,0,30,1121,1062,1978.0
2023,January,Rangpur Range,0,3,23,1,0,157,3,0,21,64,695,0,0,11,400,389,1367.0
2023,January,Railway Range,0,1,0,0,1,0,0,0,0,15,9,3,0,3,33,27,59.0
2023,February,DMP,2,15,18,9,0,126,2,6,46,108,620,10,0,8,1167,1139,2119.0
2023,February,CMP,0,4,6,7,0,39,1,3,5,23,127,0,1,2,238,235,453.0
2023,February,KMP,0,1,0,0,17,0,1,2,3,32,1,1,60,62,118,0,
2023,February,RMP,0,2,2,0,0,19,3,0,2,9,54,1,5,0,140,134,231.0
2023,February,BMP,1,0,2,0,0,16,1,0,5,2,37,0,0,0,69,69,133.0
2023,February,SMP,0,0,3,9,0,11,0,3,2,14,54,0,0,6,56,50,152.0
2023,February,RPMP,0,0,0,1,0,13,0,0,0,8,53,0,0,0,32,32,107.0
2023,February,GMP,2,7,4,4,0,32,1,2,3,13,88,0,1,2,99,96,255.0
2023,February,Dhaka Range,9,21,45,17,0,235,5,13,29,115,917,13,3,3,954,935,2360.0
2023,February,Mymensingh Range,0,2,16,6,0,98,4,4,4,35,543,2,5,33,330,290,1042.0
2023,February,Chittagong Range,3,12,45,10,0,142,3,9,32,96,796,36,2,26,984,920,2132.0
2023,February,Sylhet Range,1,4,8,5,0,56,2,4,3,48,309,1,0,37,185,147,625.0
2023,February,Khulna Range,1,10,16,19,0,109,2,4,13,72,575,17,14,24,731,676,1552.0
2023,February,Barishal Range,1,2,8,2,0,65,0,1,9,15,313,2,2,1,209,204,625.0
2023,February,Rajshahi Range,1,10,25,3,0,150,0,3,5,73,659,23,5,36,1060,996,1989.0
2023,February,Rangpur Range,0,2,22,3,0,166,2,3,8,72,675,0,0,10,384,374,1337.0
2023,February,Railway Range,0,5,2,0,0,1,0,0,0,19,21,3,0,2,27,22,75.0
2023,March,DMP,4,14,12,12,0,146,2,7,34,126,656,8,0,13,1262,1233,2275.0
2023,March,CMP,0,12,4,12,0,57,3,0,13,35,159,4,0,3,233,226,528.0
2023,March,KMP,0,1,1,0,0,23,0,0,5,11,31,1,0,2,80,76,152.0
2023,March,RMP,0,7,1,0,0,16,1,1,2,11,53,2,3,0,115,110,207.0
2023,March,BMP,0,3,1,2,0,13,0,0,4,7,47,1,0,1,76,74,153.0
2023,March,SMP,0,3,2,11,0,19,0,1,7,19,66,0,0,11,53,42,181.0
2023,March,RPMP,0,0,0,2,0,14,0,0,0,12,53,0,0,0,30,30,111.0
2023,March,GMP,2,1,8,3,0,23,3,3,1,4,75,0,1,2,88,85,211.0
2023,March,Dhaka Range,12,22,54,18,0,293,2,9,38,118,1113,24,0,3,1068,1041,2747.0
2023,March,Mymensingh Range,1,1,20,4,0,144,4,1,3,42,526,1,3,25,342,313,1088.0
2023,March,Chittagong Range,4,21,54,10,0,170,11,6,24,63,927,38,1,55,1175,1081,2465.0
2023,March,Sylhet Range,2,2,21,1,0,53,2,2,7,66,418,1,0,24,205,180,779.0
2023,March,Khulna Range,1,7,22,12,0,168,2,3,16,83,738,7,1,17,730,705,1782.0
2023,March,Barishal Range,1,3,13,4,0,92,0,5,10,34,364,1,0,0,202,201,728.0
2023,March,Rajshahi Range,2,9,26,6,0,209,2,3,10,90,684,37,4,51,1225,1133,2266.0
2023,March,Rangpur Range,1,4,27,2,0,212,5,6,11,59,760,2,7,7,440,424,1527.0
2023,March,Railway Range,0,1,2,0,0,0,1,0,0,17,15,1,0,3,26,22,62.0
2023,April,DMP,4,13,12,11,0,133,9,5,54,130,527,2,6,13,990,969,1888.0
2023,April,CMP,0,10,5,12,0,50,4,0,15,36,175,2,1,5,216,208,523.0
2023,April,KMP,0,1,2,0,0,24,0,0,5,5,33,0,0,0,58,58,128.0
2023,April,RMP,0,4,1,0,0,25,0,4,3,5,43,1,0,1,96,94,181.0
2023,April,BMP,0,0,3,0,0,15,0,0,4,5,48,0,0,0,68,68,143.0
2023,April,SMP,0,0,1,14,0,19,0,1,5,16,87,0,0,9,58,49,201.0
2023,April,RPMP,0,0,2,3,0,7,0,1,0,10,51,0,0,0,24,24,98.0
2023,April,GMP,1,5,7,0,0,21,2,1,0,9,70,1,1,0,78,76,194.0
2023,April,Dhaka Range,6,35,68,27,0,276,4,7,23,113,1208,22,1,5,977,949,2744.0
2023,April,Mymensingh Range,0,3,25,10,0,103,2,0,3,44,684,4,3,35,333,291,1207.0
2023,April,Chittagong Range,4,18,56,6,0,165,3,8,31,77,1064,49,1,36,994,908,2426.0
2023,April,Sylhet Range,0,6,33,1,0,53,2,4,1,59,493,1,0,17,170,152,822.0
2023,April,Khulna Range,3,9,22,8,0,122,5,1,12,94,745,5,3,20,638,610,1659.0
2023,April,Barishal Range,1,2,10,1,0,72,2,4,6,21,435,1,1,0,193,191,747.0
2023,April,Rajshahi Range,1,10,28,13,0,166,3,1,7,74,786,30,6,29,954,889,2043.0
2023,April,Rangpur Range,0,0,21,3,0,197,3,2,14,67,880,0,0,9,412,403,1599.0
2023,April,Railway Range,0,2,0,0,0,0,0,0,0,11,8,1,0,1,20,18,41.0
2023,May,DMP,4,11,9,15,3,158,6,6,45,124,682,4,11,9,1179,1155,2242.0
2023,May,CMP,1,12,4,8,0,56,2,3,11,41,156,4,0,4,235,227,529.0
2023,May,KMP,1,0,0,2,0,32,0,0,8,9,35,0,0,0,61,61,148.0
2023,May,RMP,0,6,0,0,0,15,1,5,4,8,63,2,10,0,130,118,232.0
2023,May,BMP,1,0,1,1,0,21,0,0,5,7,47,0,1,0,67,66,150.0
2023,May,SMP,0,1,0,12,0,28,1,3,3,19,78,1,0,12,62,49,207.0
2023,May,RPMP,0,0,3,1,0,9,0,0,0,11,46,0,0,0,32,32,102.0
2023,May,GMP,0,2,9,0,0,17,0,0,3,4,50,0,0,0,61,61,146.0
2023,May,Dhaka Range,13,17,67,16,0,366,10,11,34,99,1164,26,2,1,1151,1122,2948.0
2023,May,Mymensingh Range,0,2,14,10,0,153,8,0,6,57,615,3,8,23,374,340,1239.0
2023,May,Chittagong Range,6,19,42,7,0,214,12,12,34,89,1104,45,1,37,1135,1052,2674.0
2023,May,Sylhet Range,1,2,15,3,0,84,0,1,4,57,434,2,0,38,218,178,819.0
2023,May,Khulna Range,1,7,25,9,0,170,4,1,16,83,756,7,2,17,709,683,1781.0
2023,May,Barishal Range,1,2,13,1,0,109,0,3,8,28,446,5,0,0,247,242,858.0
2023,May,Rajshahi Range,3,12,23,10,0,227,2,5,6,83,738,50,5,34,1088,999,2197.0
2023,May,Rangpur Range,3,1,21,2,0,207,3,5,9,73,867,2,0,10,432,420,1623.0
2023,May,Railway Range,0,1,0,2,0,1,0,0,0,15,6,0,0,1,23,22,48.0
2023,June,DMP,4,25,24,16,0,136,7,8,36,134,627,3,3,6,1078,1066,2095.0
2023,June,CMP,0,9,5,8,0,40,1,0,15,36,147,2,0,6,210,202,471.0
2023,June,KMP,0,2,2,1,0,26,0,0,6,7,34,0,0,0,45,45,123.0
2023,June,RMP,0,1,1,0,0,16,2,0,3,3,44,1,0,1,53,51,123.0
2023,June,BMP,0,0,2,1,0,11,0,0,5,5,47,0,0,0,53,53,124.0
2023,June,SMP,0,0,5,13,0,13,0,3,4,10,67,0,0,3,35,32,150.0
2023,June,RPMP,0,0,0,0,0,13,0,0,0,8,44,0,0,1,33,32,98.0
2023,June,GMP,1,3,10,0,0,22,3,1,2,7,94,1,0,1,83,81,226.0
2023,June,Dhaka Range,11,24,54,22,0,334,10,5,35,136,1075,10,0,6,986,970,2692.0
2023,June,Mymensingh Range,0,1,11,8,0,174,1,2,8,48,497,0,4,42,349,303,1099.0
2023,June,Chittagong Range,2,16,60,7,0,184,9,9,32,94,1027,36,3,32,1046,975,2486.0
2023,June,Sylhet Range,0,0,17,5,0,67,1,4,3,63,363,0,0,29,145,116,668.0
2023,June,Khulna Range,5,5,26,8,0,197,2,4,13,80,735,12,2,14,717,689,1792.0
2023,June,Barishal Range,1,3,3,4,0,138,0,2,11,33,360,2,1,0,207,204,762.0
2023,June,Rajshahi Range,1,9,26,8,0,208,4,2,4,74,777,28,5,37,1005,935,2118.0
2023,June,Rangpur Range,2,6,25,3,0,251,1,2,16,77,793,1,0,9,339,329,1515.0
2023,June,Railway Range,0,1,1,0,0,0,0,0,0,16,13,1,0,0,13,12,44.0
2023,July,DMP,6,12,19,33,2,134,2,12,48,103,728,5,10,9,1167,1143,2266.0
2023,July,CMP,1,12,2,6,0,53,6,2,13,20,111,1,0,2,199,196,425.0
2023,July,KMP,1,0,5,0,0,29,0,0,7,16,47,0,0,0,71,71,176.0
2023,July,RMP,0,3,3,0,0,11,0,0,3,14,41,0,2,0,104,102,179.0
2023,July,BMP,0,1,3,2,0,22,0,0,3,5,60,0,0,0,86,86,182.0
2023,July,SMP,0,1,0,10,0,16,1,0,5,13,74,1,0,13,67,53,187.0
2023,July,RPMP,0,0,0,0,0,13,2,1,0,8,41,3,0,0,66,63,131.0
2023,July,GMP,2,6,14,0,0,26,6,0,4,12,66,2,0,0,88,86,224.0
2023,July,Dhaka Range,15,15,58,20,0,318,3,10,41,126,1117,14,3,1,1081,1063,2804.0
2023,July,Mymensingh Range,0,4,19,2,0,172,4,2,5,44,523,2,2,40,340,296,1115.0
2023,July,Chittagong Range,7,15,63,6,0,202,7,9,48,96,1044,34,15,27,1155,1079,2652.0
2023,July,Sylhet Range,0,4,23,4,0,56,1,2,2,41,357,1,0,38,191,152,681.0
2023,July,Khulna Range,2,4,27,3,1,148,1,0,20,89,693,10,3,13,740,714,1728.0
2023,July,Barishal Range,2,1,5,1,0,123,2,4,14,29,399,2,3,1,243,237,823.0
2023,July,Rajshahi Range,1,10,25,6,0,228,2,3,12,90,833,50,5,41,1230,1134,2440.0
2023,July,Rangpur Range,2,3,28,1,0,242,2,2,14,82,918,1,0,6,382,375,1676.0
2023,July,Railway Range,0,3,2,0,0,1,0,0,0,14,14,1,0,1,15,13,49.0
2023,August,DMP,1,13,10,18,0,157,8,9,53,153,704,3,0,14,1201,1184,2327.0
2023,August,CMP,0,10,2,9,0,49,3,3,21,48,117,5,1,6,241,229,503.0
2023,August,KMP,0,0,2,2,0,26,0,1,7,9,39,5,0,0,118,113,204.0
2023,August,RMP,0,1,1,0,0,19,4,0,5,14,52,1,6,1,135,127,231.0
2023,August,BMP,1,0,2,0,0,17,0,0,6,5,44,0,1,0,79,78,154.0
2023,August,SMP,0,1,1,10,0,19,0,3,6,13,67,0,1,20,56,35,176.0
2023,August,RPMP,0,0,0,0,0,11,0,1,0,9,55,1,0,0,67,66,143.0
2023,August,GMP,2,7,7,0,0,40,2,1,4,19,94,2,0,1,116,113,292.0
2023,August,Dhaka Range,8,20,55,19,0,298,4,5,42,117,1082,10,5,3,1142,1124,2792.0
2023,August,Mymensingh Range,0,0,13,7,0,204,1,1,6,64,528,0,26,37,314,251,1138.0
2023,August,Chittagong Range,3,22,50,1,0,173,9,15,39,102,942,39,0,25,1123,1059,2479.0
2023,August,Sylhet Range,2,1,14,3,0,79,3,1,4,52,320,2,1,91,225,131,704.0
2023,August,Khulna Range,2,6,24,4,0,164,2,2,25,77,631,12,2,20,742,708,1679.0
2023,August,Barishal Range,1,4,11,3,0,142,0,1,16,28,355,2,0,0,230,228,791.0
2023,August,Rajshahi Range,1,16,38,10,0,218,4,1,19,89,729,48,5,49,1194,1092,2319.0
2023,August,Rangpur Range,0,1,20,4,0,234,0,0,16,76,826,1,0,7,544,536,1721.0
2023,August,Railway Range,1,2,3,0,0,1,0,0,0,14,7,2,0,0,18,16,46.0
2023,September,DMP,0,20,12,9,2,141,3,5,53,124,624,5,5,16,1167,1141,2160.0
2023,September,CMP,0,12,6,11,0,33,4,1,15,37,143,2,0,4,205,199,467.0
2023,September,KMP,0,0,1,0,0,39,1,0,1,8,34,4,0,0,96,92,180.0
2023,September,RMP,0,3,2,0,0,12,1,0,6,14,45,2,2,0,81,77,164.0
2023,September,BMP,0,1,0,3,0,15,0,1,7,7,41,0,1,0,95,94,170.0
2023,September,SMP,2,1,2,12,0,17,1,4,3,17,58,0,0,15,56,41,173.0
2023,September,RPMP,0,0,1,0,0,10,0,0,0,9,37,0,0,1,43,42,100.0
2023,September,GMP,0,3,11,0,0,27,5,3,3,9,72,1,0,1,105,103,238.0
2023,September,Dhaka Range,12,19,54,26,0,275,8,8,39,112,975,7,8,8,1039,1016,2567.0
2023,September,Mymensingh Range,0,3,15,2,0,189,4,1,8,38,497,1,19,46,326,260,1083.0
2023,September,Chittagong Range,3,15,52,6,0,185,9,7,30,107,845,49,2,40,1098,1067,2357.0
2023,September,Sylhet Range,1,5,14,3,0,62,0,4,6,42,290,1,0,96,236,139,663.0
2023,September,Khulna Range,1,4,15,6,0,154,3,5,13,86,561,11,4,16,837,806,1685.0
2023,September,Barishal Range,1,3,12,5,0,130,1,1,15,23,338,4,2,2,204,196,733.0
2023,September,Rajshahi Range,1,12,23,14,0,214,6,2,12,93,683,42,3,53,1133,1035,2193.0
2023,September,Rangpur Range,0,3,16,2,0,194,4,5,19,81,723,3,0,9,465,453,1512.0
2023,September,Railway Range,0,2,2,0,0,2,0,1,0,23,4,0,0,0,20,20,54.0
2023,October,DMP,3,20,19,8,7,128,6,11,38,136,682,6,17,13,880,844,1938.0
2023,October,CMP,0,2,1,3,0,41,2,2,14,29,124,3,1,1,212,207,430.0
2023,October,KMP,0,1,2,2,0,30,0,0,5,8,48,5,0,0,142,137,238.0
2023,October,RMP,0,3,4,0,0,14,4,2,3,15,53,4,6,1,134,123,232.0
2023,October,BMP,0,0,0,1,0,16,0,0,2,6,59,1,0,0,72,71,156.0
2023,October,SMP,0,0,1,7,1,22,0,3,6,20,64,0,0,8,38,30,162.0
2023,October,RPMP,0,0,2,0,0,13,0,0,0,14,48,2,0,0,54,52,131.0
2023,October,GMP,1,2,9,2,0,26,5,2,3,13,85,0,0,2,120,118,268.0
2023,October,Dhaka Range,7,28,54,19,0,221,5,12,47,113,1012,9,34,0,855,812,2373.0
2023,October,Mymensingh Range,0,1,19,3,0,197,3,0,13,49,408,0,12,45,268,211,961.0
2023,October,Chittagong Range,1,23,50,1,2,160,10,27,44,114,993,47,18,29,976,882,2401.0
2023,October,Sylhet Range,1,2,10,5,0,55,1,8,5,60,317,0,1,71,170,98,634.0
2023,October,Khulna Range,2,3,22,3,0,150,5,0,9,82,615,9,13,15,705,668,1596.0
2023,October,Barishal Range,5,2,10,4,0,131,1,2,11,22,493,2,7,0,196,187,877.0
2023,October,Rajshahi Range,2,13,34,3,0,202,3,3,11,90,657,38,44,34,1105,989,2123.0
2023,October,Rangpur Range,0,3,20,4,0,214,3,5,13,73,636,2,3,5,444,434,1415.0
2023,October,Railway Range,0,3,1,0,2,1,0,0,0,24,6,1,0,0,17,16,54.0
2023,November,DMP,2,14,17,19,5,118,2,5,56,121,555,2,26,11,700,661,1614.0
2023,November,CMP,0,2,6,3,0,42,3,3,8,29,122,2,1,0,180,177,398.0
2023,November,KMP,0,1,1,0,0,10,1,1,3,17,37,0,0,0,93,93,164.0
2023,November,RMP,0,2,1,0,1,13,0,8,7,11,55,4,16,1,115,94,213.0
2023,November,BMP,0,1,1,1,1,19,0,0,1,2,43,0,1,0,59,58,128.0
2023,November,SMP,0,2,2,4,0,16,0,6,3,15,71,0,8,5,41,28,160.0
2023,November,RPMP,0,0,0,1,0,9,2,0,0,10,47,0,0,0,33,33,102.0
2023,November,GMP,0,2,4,0,0,22,2,5,4,10,75,0,10,0,68,58,192.0
2023,November,Dhaka Range,14,19,51,26,0,258,10,15,34,93,922,8,23,6,703,666,2145.0
2023,November,Mymensingh Range,0,2,10,3,0,144,3,1,10,37,408,3,8,28,203,164,821.0
2023,November,Chittagong Range,3,14,54,7,0,125,8,17,34,84,821,50,41,25,823,707,1990.0
2023,November,Sylhet Range,2,3,6,3,0,51,0,3,2,44,290,1,6,45,142,90,546.0
2023,November,Khulna Range,0,6,16,6,0,113,1,1,14,51,540,10,21,18,578,529,1326.0
2023,November,Barishal Range,2,1,9,5,0,119,0,1,14,11,338,6,20,0,189,163,689.0
2023,November,Rajshahi Range,2,5,26,10,0,178,1,7,4,57,597,21,51,28,893,793,1780.0
2023,November,Rangpur Range,0,3,22,1,0,189,0,6,11,55,675,1,3,10,390,376,1352.0
2023,November,Railway Range,0,2,1,0,0,0,0,0,0,17,25,2,0,0,16,14,61.0
2023,December,DMP,4,23,4,16,0,103,10,5,42,130,584,3,19,13,986,951,1907.0
2023,December,CMP,0,10,7,5,0,24,0,2,10,44,109,4,1,1,254,248,465.0
2023,December,KMP,0,0,0,2,0,16,0,0,4,11,28,4,0,0,141,137,202.0
2023,December,RMP,0,2,2,1,0,14,0,2,8,42,2,2,0,1,198,193,271.0
2023,December,BMP,0,0,1,1,0,17,0,0,3,8,32,0,0,0,42,42,104.0
2023,December,SMP,0,0,1,1,0,17,0,1,4,15,54,0,0,7,46,39,139.0
2023,December,RPMP,0,0,0,0,0,8,0,1,0,4,36,0,2,0,72,70,121.0
2023,December,GMP,2,4,7,3,0,37,0,1,8,9,71,0,0,0,103,103,245.0
2023,December,Dhaka Range,11,18,62,17,0,196,4,11,37,91,905,7,5,4,817,801,2169.0
2023,December,Mymensingh Range,0,3,20,4,0,112,1,0,5,45,369,1,1,27,192,163,751.0
2023,December,Chittagong Range,6,21,53,5,0,166,4,5,38,93,778,61,8,26,968,873,2137.0
2023,December,Sylhet Range,2,4,10,0,0,42,3,2,4,46,279,1,0,26,131,104,523.0
2023,December,Khulna Range,0,2,11,5,0,82,1,2,12,53,534,7,1,9,614,597,1316.0
2023,December,Barishal Range,1,3,9,8,0,102,2,1,9,25,345,3,0,0,189,186,694.0
2023,December,Rajshahi Range,2,4,24,6,0,143,2,3,8,61,651,22,19,22,1060,997,1964.0
2023,December,Rangpur Range,2,6,22,3,0,114,2,1,14,47,783,0,1,6,422,415,1416.0
2023,December,Railway Range,0,5,0,0,0,0,0,0,0,12,14,1,1,1,28,25,59.0
2024,January,DMP,1,25,11,18,0,110,8,5,63,141,458,5,6,9,885,865,1725.0
2024,January,CMP,0,5,5,6,1,30,4,0,15,31,128,4,0,2,197,191,422.0
2024,January,KMP,0,1,2,2,0,3,0,0,3,8,28,3,0,1,129,125,176.0
2024,January,RMP,0,4,1,2,0,8,0,1,2,6,53,1,1,0,165,163,242.0
2024,January,BMP,0,2,1,6,0,12,1,1,2,5,42,1,0,0,49,48,121.0
2024,January,SMP,1,1,1,3,0,12,0,1,5,9,52,2,0,9,53,42,138.0
2024,January,RPMP,0,0,1,1,0,4,5,0,0,6,28,0,0,1,72,71,117.0
2024,January,GMP,4,1,11,4,0,22,5,2,5,5,90,0,1,0,88,87,237.0
2024,January,Dhaka Range,13,29,59,7,0,194,6,10,38,93,893,10,3,1,838,824,2180.0
2024,January,Mymensingh Range,0,4,14,9,0,84,4,6,7,42,404,1,0,27,262,234,836.0
2024,January,Chittagong Range,5,16,34,9,0,128,9,10,27,115,800,52,8,26,881,795,2034.0
2024,January,Sylhet Range,1,7,15,5,0,22,1,1,6,55,284,1,0,23,113,89,510.0
2024,January,Khulna Range,0,5,23,4,0,71,1,2,15,59,559,9,7,8,585,561,1324.0
2024,January,Barishal Range,1,0,15,7,0,95,2,0,23,25,369,3,0,1,183,179,720.0
2024,January,Rajshahi Range,1,11,26,8,0,130,1,3,4,77,719,29,17,20,933,867,1913.0
2024,January,Rangpur Range,2,2,11,1,0,117,4,1,13,60,655,0,0,5,441,436,1307.0
2024,January,Railway Range,0,1,1,0,0,1,0,0,0,12,11,0,0,0,15,15,41.0
2024,February,DMP,2,26,4,21,0,114,9,4,51,134,576,5,1,22,828,800,1769.0
2024,February,CMP,2,11,4,13,0,35,3,2,15,31,167,5,0,3,236,228,519.0
2024,February,KMP,1,0,0,0,0,11,0,1,7,14,36,3,0,0,151,148,221.0
2024,February,RMP,0,0,0,0,0,0,0,0,0,0,0,0,0,0,0,0,0.0
2024,February,BMP,1,2,0,3,0,15,1,0,6,17,52,0,0,0,138,138,235.0
2024,February,SMP,1,0,0,6,0,22,0,1,2,9,62,0,0,8,38,30,141.0
2024,February,RPMP,0,1,1,0,0,8,1,0,0,12,33,1,0,0,62,61,118.0
2024,February,GMP,1,6,10,0,0,32,1,1,9,8,83,2,1,1,109,105,260.0
2024,February,Dhaka Range,9,27,54,23,0,252,10,9,32,115,981,12,1,5,1020,1002,2532.0
2024,February,Mymensingh Range,0,4,14,1,0,124,1,1,5,39,444,0,0,21,315,294,948.0
2024,February,Chittagong Range,5,15,52,9,0,156,5,7,26,121,924,47,1,21,860,791,2180.0
2024,February,Sylhet Range,5,4,25,3,0,57,0,3,5,54,313,1,0,33,156,122,625.0
2024,February,Khulna Range,1,8,19,10,2,104,3,4,17,61,595,15,1,10,712,686,1536.0
2024,February,Barishal Range,1,4,12,6,0,133,1,1,13,35,372,0,1,0,188,187,766.0
2024,February,Rajshahi Range,1,9,23,7,0,164,5,1,9,77,729,37,4,16,1043,986,2068.0
2024,February,Rangpur Range,3,3,17,3,0,134,2,1,17,71,692,0,0,5,439,434,1382.0
2024,February,Railway Range,0,1,5,0,0,0,0,0,0,12,25,1,0,1,20,18,63.0
2024,March,DMP,1,28,18,28,0,127,7,2,53,163,798,8,1,22,866,835,2091.0
2024,March,CMP,0,11,6,8,0,33,4,2,13,34,172,5,0,9,178,164,461.0
2024,March,KMP,0,2,0,0,0,11,1,1,5,14,39,0,0,0,138,138,211.0
2024,March,RMP,0,0,0,0,0,11,2,2,4,13,59,0,0,0,145,145,236.0
2024,March,BMP,0,0,0,4,0,11,0,1,5,6,72,0,0,1,54,53,153.0
2024,March,SMP,0,1,3,6,0,17,1,1,8,8,67,0,0,10,45,35,157.0
2024,March,RPMP,0,0,0,0,0,7,3,0,0,8,50,1,0,0,58,57,126.0
2024,March,GMP,2,5,1,1,0,23,4,0,7,18,110,0,0,2,106,104,277.0
2024,March,Dhaka Range,11,32,60,23,2,247,3,8,39,108,1179,12,10,1,1030,1007,2742.0
2024,March,Mymensingh Range,0,2,23,2,0,115,3,2,3,55,525,1,0,27,303,275,1033.0
2024,March,Chittagong Range,6,30,33,8,4,151,11,5,29,122,1208,50,2,29,856,775,2463.0
2024,March,Sylhet Range,2,4,17,2,0,58,1,7,10,54,395,1,0,46,147,100,697.0
2024,March,Khulna Range,0,7,17,9,0,139,1,0,17,73,672,10,5,13,694,666,1629.0
2024,March,Barishal Range,2,2,15,11,0,150,0,2,10,26,507,1,2,0,218,215,943.0
2024,March,Rajshahi Range,1,6,25,4,0,205,5,6,5,87,874,38,4,28,1231,1161,2449.0
2024,March,Rangpur Range,0,7,20,4,0,203,5,4,9,63,703,1,0,4,540,535,1558.0
2024,March,Railway Range,0,1,1,0,0,1,0,0,0,13,14,0,0,0,24,24,54.0
2024,April,DMP,3,15,14,24,0,149,4,4,69,140,628,4,2,6,635,623,1685.0
2024,April,CMP,0,12,9,4,0,37,4,3,12,37,149,1,0,10,143,132,410.0
2024,April,KMP,0,0,1,1,0,6,1,2,6,10,44,1,2,2,124,119,195.0
2024,April,RMP,0,2,0,0,0,21,0,2,0,14,58,0,0,2,143,141,240.0
2024,April,BMP,0,2,2,0,0,23,0,2,7,10,76,0,0,0,45,45,169.0
2024,April,SMP,0,0,2,5,0,17,0,3,6,11,70,0,0,13,48,35,162.0
2024,April,RPMP,0,0,2,3,0,9,5,1,0,9,49,0,0,0,38,38,116.0
2024,April,GMP,0,5,5,4,0,30,4,2,12,8,101,0,0,0,93,92,249.0
2024,April,Dhaka Range,13,18,75,24,0,281,9,18,25,103,1263,6,4,2,838,826,2667.0
2024,April,Mymensingh Range,0,2,30,8,0,108,2,4,3,42,579,1,0,39,325,285,1103.0
2024,April,Chittagong Range,10,24,54,4,3,194,13,13,34,128,1256,49,0,13,685,623,2418.0
2024,April,Sylhet Range,0,2,23,8,0,59,1,4,9,53,461,1,0,30,115,84,735.0
2024,April,Khulna Range,2,2,18,14,0,129,3,4,9,58,744,11,3,14,646,618,1629.0
2024,April,Barishal Range,0,3,11,5,0,130,1,2,9,28,565,1,0,2,179,176,933.0
2024,April,Rajshahi Range,0,7,20,11,0,218,4,9,7,78,955,40,6,41,1069,982,2378.0
2024,April,Rangpur Range,1,2,30,3,0,211,4,6,12,73,894,1,0,8,441,432,1677.0
2024,April,Railway Range,0,1,0,0,0,1,0,0,0,6,32,0,0,0,13,13,53.0
2024,May,DMP,2,19,16,23,0,172,7,10,65,194,654,2,5,19,764,738,1926.0
2024,May,CMP,1,7,7,2,0,57,4,1,18,29,142,1,1,5,186,179,454.0
2024,May,KMP,0,1,4,0,0,25,0,0,1,10,46,2,0,2,130,126,217.0
2024,May,RMP,0,6,1,1,0,17,3,1,5,12,61,0,0,0,141,141,248.0
2024,May,BMP,0,0,2,0,0,17,1,0,5,4,76,0,0,0,50,50,155.0
2024,May,SMP,1,0,2,4,0,20,2,0,7,8,64,0,0,11,57,46,165.0
2024,May,RPMP,0,0,1,1,0,9,4,0,0,3,43,0,0,1,68,67,129.0
2024,May,GMP,4,5,8,0,0,31,2,1,3,17,101,1,0,0,125,124,297.0
2024,May,Dhaka Range,11,29,51,19,0,323,7,7,39,88,1183,12,5,7,911,887,2668.0
2024,May,Mymensingh Range,0,4,19,5,0,122,2,3,6,39,415,3,0,32,287,252,902.0
2024,May,Chittagong Range,4,14,53,13,0,181,4,6,28,88,1039,45,0,31,741,665,2171.0
2024,May,Sylhet Range,2,3,15,3,0,57,0,3,9,33,359,4,1,26,145,114,629.0
2024,May,Khulna Range,2,6,32,7,0,134,2,2,14,48,729,4,4,6,569,555,1545.0
2024,May,Barishal Range,0,1,8,11,0,152,0,2,7,17,434,2,2,0,155,151,787.0
2024,May,Rajshahi Range,3,13,21,5,0,227,8,6,2,67,861,34,0,30,956,892,2169.0
2024,May,Rangpur Range,1,2,19,3,0,222,4,1,10,56,715,0,0,9,458,449,1491.0
2024,May,Railway Range,0,5,0,1,0,1,0,0,0,13,23,2,0,2,15,11,58.0
2024,June,DMP,3,16,13,26,0,147,3,1,80,191,552,4,1,7,580,568,1612.0
2024,June,CMP,0,8,8,9,1,31,1,0,8,29,118,1,0,1,154,152,367.0
2024,June,KMP,0,0,4,2,0,14,0,1,4,12,33,1,0,0,111,110,181.0
2024,June,RMP,0,4,0,0,0,23,0,3,6,12,65,1,0,3,147,143,260.0
2024,June,BMP,0,0,1,0,0,12,0,0,7,11,68,1,0,0,46,45,145.0
2024,June,SMP,0,1,3,10,0,20,1,0,5,6,41,0,0,17,50,33,137.0
2024,June,RPMP,0,1,2,0,0,8,2,1,0,9,51,1,0,0,44,43,118.0
2024,June,GMP,2,8,6,1,0,35,2,0,4,8,63,0,0,1,82,81,211.0
2024,June,Dhaka Range,16,17,59,15,0,278,4,9,39,91,1152,13,2,3,822,804,2502.0
2024,June,Mymensingh Range,0,5,21,4,0,119,2,2,5,31,451,3,0,51,308,254,948.0
2024,June,Chittagong Range,8,22,57,9,0,193,5,9,45,82,1095,34,1,20,716,661,2241.0
2024,June,Sylhet Range,1,1,10,1,0,54,2,0,5,39,341,0,0,37,135,98,589.0
2024,June,Khulna Range,1,6,15,4,1,177,1,3,17,49,806,12,0,9,569,548,1649.0
2024,June,Barishal Range,5,1,10,8,0,172,0,3,8,23,541,0,0,0,165,165,936.0
2024,June,Rajshahi Range,0,8,36,3,0,221,4,3,10,79,816,27,3,24,889,835,2069.0
2024,June,Rangpur Range,0,5,20,2,0,184,4,1,8,57,839,0,0,5,470,465,1590.0
2024,June,Railway Range,0,0,3,1,0,1,0,0,0,16,16,0,0,0,12,12,49.0
2024,July,DMP,3,15,59,16,46,109,1,44,32,134,510,7,26,8,456,415,1425.0
2024,July,CMP,1,9,10,2,5,35,2,2,11,27,114,1,2,0,112,109,330.0
2024,July,KMP,0,2,4,1,0,14,0,1,5,12,35,1,1,0,121,119,195.0
2024,July,RMP,1,1,3,1,1,19,2,2,3,18,41,2,5,1,106,98,198.0
2024,July,BMP,0,0,2,1,0,19,0,5,5,8,49,0,2,0,57,55,146.0
2024,July,SMP,1,0,3,6,0,16,0,8,6,7,49,0,1,20,57,36,153.0
2024,July,RPMP,0,0,2,0,0,5,2,0,0,8,60,0,0,0,32,32,109.0
2024,July,GMP,0,4,7,0,0,33,2,9,3,13,107,1,5,1,78,71,256.0
2024,July,Dhaka Range,13,20,61,12,0,286,6,38,40,81,984,12,8,3,788,765,2329.0
2024,July,Mymensingh Range,0,1,21,5,0,139,1,7,8,51,406,0,6,26,251,219,890.0
2024,July,Chittagong Range,3,21,53,11,0,180,5,24,45,85,930,40,14,27,727,646,2084.0
2024,July,Sylhet Range,1,3,14,4,0,62,1,8,9,60,337,0,1,63,178,114,677.0
2024,July,Khulna Range,1,7,27,15,0,178,1,6,16,84,679,13,4,13,639,609,1653.0
2024,July,Barishal Range,1,1,14,16,0,192,2,1,17,30,381,0,0,0,196,196,851.0
2024,July,Rajshahi Range,2,14,24,9,0,207,3,8,6,83,692,26,28,44,1035,937,2083.0
2024,July,Rangpur Range,0,2,30,3,0,206,4,7,13,72,741,1,0,11,429,417,1507.0
2024,July,Railway Range,0,1,0,0,0,2,0,0,0,12,50,1,0,0,15,14,80.0
2024,August,DMP,4,4,119,10,4,51,11,2,15,43,217,2,0,5,86,79,566.0
2024,August,CMP,0,3,20,3,5,20,2,8,9,18,124,0,1,0,34,33,246.0
2024,August,KMP,1,1,1,0,0,12,1,1,0,3,38,0,0,0,10,10,68.0
2024,August,RMP,0,3,2,0,0,17,1,3,2,4,47,1,1,0,34,18,111.0
2024,August,BMP,0,0,5,1,0,10,0,6,3,4,43,0,0,0,15,15,83.0
2024,August,SMP,0,1,4,8,0,4,1,4,1,4,59,1,0,12,24,11,110.0
2024,August,RPMP,0,0,8,0,0,5,3,0,0,6,32,1,0,0,7,6,61.0
2024,August,GMP,3,1,17,0,0,23,0,3,3,4,48,0,0,0,14,14,116.0
2024,August,Dhaka Range,15,7,148,10,0,185,1,4,32,51,819,3,4,0,121,114,1393.0
2024,August,Mymensingh Range,0,2,26,3,0,87,1,0,3,30,359,1,0,11,52,40,563.0
2024,August,Chittagong Range,4,17,73,5,6,81,3,5,25,47,710,25,13,12,247,197,1223.0
2024,August,Sylhet Range,1,6,29,5,0,28,1,2,2,16,327,0,0,26,48,22,465.0
2024,August,Khulna Range,4,5,62,4,0,90,0,6,5,39,567,4,7,3,100,86,882.0
2024,August,Barishal Range,3,3,19,39,0,129,0,1,14,25,405,0,4,0,26,22,664.0
2024,August,Rajshahi Range,0,5,72,10,0,140,1,2,6,44,662,5,33,15,227,174,1169.0
2024,August,Rangpur Range,2,4,21,1,0,190,1,0,9,32,695,1,1,6,133,125,1088.0
2024,August,Railway Range,0,0,0,0,0,0,0,0,0,14,8,0,0,0,3,3,25.0
2024,September,DMP,5,14,28,8,12,110,22,3,33,75,500,11,0,11,198,176,1008.0
2024,September,CMP,0,0,0,0,0,0,0,0,0,0,0,0,0,0,0,0,0.0
2024,September,KMP,0,0,1,0,0,26,2,0,5,9,58,1,0,0,20,19,121.0
2024,September,RMP,0,1,5,1,0,18,1,1,3,7,67,0,11,0,23,12,127.0
2024,September,BMP,0,1,1,0,1,16,1,0,10,8,46,0,0,0,15,15,99.0
2024,September,SMP,0,2,1,7,0,10,1,1,7,5,78,2,14,13,40,11,152.0
2024,September,RPMP,0,0,0,0,0,7,4,0,0,4,52,1,0,0,8,7,75.0
2024,September,GMP,3,3,11,1,0,28,0,2,8,9,70,0,0,0,16,16,151.0
2024,September,Dhaka Range,17,22,73,21,0,253,6,6,45,82,1095,8,24,0,239,207,1859.0
2024,September,Mymensingh Range,2,4,16,8,0,126,1,0,8,33,443,5,1,29,102,67,743.0
2024,September,Chittagong Range,5,21,45,12,4,168,8,4,32,88,1060,67,8,20,513,418,1960.0
2024,September,Sylhet Range,6,4,12,12,0,64,3,1,9,44,435,2,1,46,125,76,715.0
2024,September,Khulna Range,2,6,19,15,1,117,8,0,17,65,740,13,17,15,228,183,1218.0
2024,September,Barishal Range,8,2,12,20,1,145,3,0,14,28,456,9,8,0,63,46,752.0
2024,September,Rajshahi Range,2,12,29,7,0,219,1,2,12,59,747,23,44,14,368,287,1458.0
2024,September,Rangpur Range,3,3,20,10,0,235,1,0,19,47,825,5,0,1,219,213,1382.0
2024,September,Railway Range,2,3,1,0,0,0,0,0,0,15,7,2,0,0,17,15,45.0
2024,October,DMP,6,20,20,23,2,125,26,6,47,97,490,15,0,13,386,358,1248.0
2024,October,CMP,1,10,6,8,0,35,5,5,10,24,176,1,0,0,76,75,356.0
2024,October,KMP,1,5,1,0,0,24,4,0,2,14,46,3,0,1,67,63,164.0
2024,October,RMP,0,4,3,0,0,7,0,0,5,5,56,0,5,0,70,65,150.0
2024,October,BMP,1,1,0,0,1,19,0,0,5,1,56,0,1,0,27,26,111.0
2024,October,SMP,1,0,2,5,0,8,1,0,4,8,56,0,11,20,55,24,140.0
2024,October,RPMP,0,1,1,0,0,7,3,0,0,8,48,0,0,0,21,21,89.0
2024,October,GMP,3,3,7,2,0,21,4,0,3,8,70,1,2,0,56,53,177.0
2024,October,Dhaka Range,21,27,62,6,0,225,17,8,49,93,1058,11,4,1,460,444,2026.0
2024,October,Mymensingh Range,2,5,17,8,0,112,6,1,5,53,385,1,0,60,184,123,778.0
2024,October,Chittagong Range,14,30,52,7,2,192,7,3,52,101,1060,43,26,30,705,606,2225.0
2024,October,Sylhet Range,5,4,18,8,0,74,2,5,5,49,340,1,2,74,222,145,732.0
2024,October,Khulna Range,1,14,23,7,0,157,8,3,22,76,663,21,4,5,342,312,1316.0
2024,October,Barishal Range,4,2,5,14,0,165,4,2,15,25,444,8,10,0,129,111,809.0
2024,October,Rajshahi Range,5,19,17,2,0,212,3,1,7,68,634,13,21,27,518,457,1486.0
2024,October,Rangpur Range,3,7,14,3,0,177,6,0,17,75,725,2,0,6,375,367,1402.0
2024,October,Railway Range,0,5,1,0,0,0,0,0,0,17,11,0,0,0,22,22,56.0
2024,November,DMP,2,27,13,15,10,115,17,6,39,125,516,6,0,12,439,421,1324.0
2024,November,CMP,2,10,2,7,0,25,5,12,16,36,138,8,1,2,123,112,376.0
2024,November,KMP,1,2,4,1,0,23,0,1,5,13,36,5,0,1,67,61,153.0
2024,November,RMP,0,2,0,1,0,22,2,0,4,8,52,0,3,0,67,64,158.0
2024,November,BMP,0,0,0,0,0,14,0,4,7,5,53,1,1,0,38,36,118.0
2024,November,SMP,1,1,1,8,0,4,2,2,6,13,62,0,9,20,50,21,150.0
2024,November,RPMP,0,1,0,0,0,7,2,0,0,8,43,0,0,1,18,17,79.0
2024,November,GMP,0,3,3,0,0,21,6,1,2,15,66,3,0,1,89,85,206.0
2024,November,Dhaka Range,16,23,56,8,0,217,9,4,44,86,1098,20,6,4,671,641,2232.0
2024,November,Mymensingh Range,1,3,11,6,0,115,5,1,6,37,387,7,2,39,211,163,783.0
2024,November,Chittagong Range,9,27,32,15,0,174,5,9,37,90,1074,40,10,31,799,718,2271.0
2024,November,Sylhet Range,2,6,16,4,0,75,0,4,7,42,422,3,0,46,172,123,750.0
2024,November,Khulna Range,3,10,22,8,0,134,3,5,17,77,634,31,2,16,465,416,1378.0
2024,November,Barishal Range,4,6,8,14,1,152,2,2,29,31,424,11,2,0,148,135,821.0
2024,November,Rajshahi Range,5,4,27,1,0,179,2,1,7,68,721,21,18,12,572,521,1587.0
2024,November,Rangpur Range,1,4,16,3,0,175,5,1,8,54,694,3,2,5,415,405,1376.0
2024,November,Railway Range,0,4,0,0,0,0,0,0,0,6,12,0,0,4,43,39,65.0
2024,December,DMP,9,39,24,19,9,131,17,8,60,131,584,9,0,7,554,529,1585.0
2024,December,CMP,2,6,4,8,0,25,3,1,11,26,124,3,0,4,128,121,338.0
2024,December,KMP,0,3,2,0,0,10,2,1,4,8,38,4,0,1,75,70,143.0
2024,December,RMP,0,3,1,0,0,12,2,1,4,6,55,1,2,0,93,90,177.0
2024,December,BMP,1,1,1,0,0,11,2,0,3,8,58,0,0,0,33,33,118.0
2024,December,SMP,1,3,2,7,0,11,2,2,2,7,63,0,0,15,49,32,149.0
2024,December,RPMP,1,2,0,0,0,3,2,0,0,10,36,0,0,0,24,24,78.0
2024,December,GMP,1,2,3,0,0,20,1,1,2,8,81,1,0,1,76,74,195.0
2024,December,Dhaka Range,23,22,45,9,0,187,8,9,42,93,967,17,6,4,663,636,2068.0
2024,December,Mymensingh Range,1,6,16,13,0,81,4,0,9,33,418,5,1,54,252,192,833.0
2024,December,Chittagong Range,16,26,32,10,0,159,13,9,39,102,1030,25,2,22,734,685,2170.0
2024,December,Sylhet Range,4,5,16,4,0,56,3,2,7,38,400,2,0,39,139,98,674.0
2024,December,Khulna Range,4,14,19,4,0,125,2,5,13,78,599,16,2,14,462,430,1325.0
2024,December,Barishal Range,3,5,4,13,0,96,2,1,21,36,431,5,1,0,130,124,742.0
2024,December,Rajshahi Range,4,11,23,3,0,132,4,3,5,74,693,13,12,11,556,520,1508.0
2024,December,Rangpur Range,1,7,12,0,0,146,7,1,15,59,750,4,1,9,467,453,1465.0
2024,December,Railway Range,0,4,0,0,0,0,0,0,0,12,12,0,0,0,26,26,54.0
2025,January,DMP,8,54,36,24,7,127,31,10,60,146,679,12,5,9,609,583,1791.0
2025,January,CMP,2,7,3,7,0,26,5,4,12,28,120,3,0,2,157,152,371.0
2025,January,KMP,2,1,2,3,0,19,2,0,0,14,47,4,0,1,88,83,178.0
2025,January,RMP,0,0,2,0,0,12,1,1,4,5,51,1,1,0,89,87,166.0
2025,January,BMP,0,0,2,3,0,13,1,1,2,1,47,0,0,0,40,39,110.0
2025,January,SMP,0,2,3,2,0,25,1,3,3,5,49,2,0,0,25,23,115.0
2025,January,RPMP,0,2,1,0,0,4,5,0,0,7,32,1,2,0,23,20,74.0
2025,January,GMP,2,9,5,2,0,25,2,1,7,10,116,6,0,0,78,72,257.0
2025,January,Dhaka Range,24,31,76,4,0,229,16,5,44,106,1092,15,8,3,751,725,2378.0
2025,January,Mymensingh Range,4,2,13,11,0,85,5,2,7,46,427,3,0,28,265,234,867.0
2025,January,Chittagong Range,8,27,51,11,0,191,16,5,50,92,970,45,4,26,778,703,2199.0
2025,January,Sylhet Range,1,5,22,4,0,43,5,1,5,50,288,3,0,38,186,145,603.0
2025,January,Khulna Range,1,4,21,3,0,70,1,1,12,47,535,11,2,4,495,478,1206.0
2025,January,Barishal Range,0,3,11,8,0,107,0,0,14,31,387,2,0,1,160,157,724.0
2025,January,Rajshahi Range,3,8,15,6,0,123,2,3,4,77,710,27,14,24,731,666,1748.0
2025,January,Rangpur Range,3,2,10,0,0,143,3,1,9,78,689,0,0,5,404,399,1339.0
2025,January,Railway Range,0,1,3,0,0,1,0,0,0,11,17,0,0,0,14,14,46.0
2025,February,DMP,6,46,38,18,9,142,18,7,36,117,638,8,1,8,491,474,1566.0
2025,February,CMP,1,10,3,5,0,23,5,4,11,22,114,4,0,1,106,101,304.0
2025,February,KMP,0,1,1,0,0,7,3,0,2,14,45,1,0,0,75,74,148.0
2025,February,RMP,1,5,4,0,1,6,2,0,2,7,53,2,2,0,95,91,176.0
2025,February,BMP,0,0,2,3,0,10,1,0,2,2,47,0,0,0,39,37,104.0
2025,February,SMP,1,2,4,3,0,16,1,0,3,3,48,2,0,2,26,22,111.0
2025,February,RPMP,0,1,1,0,0,10,2,0,0,5,26,1,0,0,21,20,66.0
2025,February,GMP,1,4,4,2,0,22,2,0,5,3,93,2,1,0,62,59,209.0
2025,February,Dhaka Range,25,25,66,8,0,229,10,7,37,111,1051,13,0,1,577,563,2146.0
2025,February,Mymensingh Range,1,4,19,10,0,94,3,1,6,35,372,2,0,38,247,207,792.0
2025,February,Chittagong Range,13,14,50,11,0,171,10,5,43,75,896,32,4,25,662,601,1950.0
2025,February,Sylhet Range,2,6,13,3,0,79,1,5,4,50,385,1,0,23,127,103,675.0
2025,February,Khulna Range,2,11,22,2,0,140,2,1,18,60,591,12,7,8,342,315,1193.0
2025,February,Barishal Range,1,3,12,2,0,108,0,0,12,24,360,3,0,1,131,127,686.0
2025,February,Rajshahi Range,5,6,16,6,0,131,0,2,7,77,634,31,2,16,465,416,1378.0
2025,February,Rangpur Range,1,4,16,3,0,175,5,1,8,54,694,3,2,5,415,405,1376.0
2025,February,Railway Range,0,4,0,0,0,0,0,0,0,6,12,0,0,4,43,39,65.0
2025,March,DMP,3,38,33,12,15,162,19,23,43,137,699,20,2,10,570,538,1754.0
2025,March,CMP,1,4,7,8,0,46,1,3,5,20,53,4,0,0,65,61,170.0
2025,March,KMP,0,5,1,3,0,14,3,0,5,13,32,1,0,0,78,74,157.0
2025,March,RMP,0,1,3,1,1,19,3,2,3,4,45,1,4,0,53,48,135.0
2025,March,BMP,0,0,2,1,0,24,0,0,2,12,50,2,1,0,40,37,130.0
2025,March,SMP,0,0,2,3,0,10,0,0,2,6,33,0,0,0,14,14,69.0
2025,March,RPMP,0,0,0,0,0,7,2,0,0,8,44,1,0,0,28,27,117.0
2025,March,GMP,1,5,5,2,0,41,0,1,4,13,94,2,1,1,78,74,244.0
2025,March,Dhaka Range,21,42,66,4,0,375,10,22,43,144,1325,17,1,1,639,620,2691.0
2025,March,Mymensingh Range,2,7,22,5,0,132,2,2,9,39,498,0,1,67,291,223,1009.0
2025,March,Chittagong Range,13,25,65,16,0,246,11,9,40,121,1208,50,2,29,836,755,2527.0
2025,March,Sylhet Range,3,5,13,1,0,58,2,2,5,53,328,1,0,30,157,126,686.0
2025,March,Khulna Range,2,11,36,12,0,123,4,1,20,70,593,13,3,12,652,617,1540.0
2025,March,Barishal Range,5,1,14,7,0,102,1,0,14,31,438,2,0,1,190,187,831.0
2025,March,Rajshahi Range,7,10,21,4,0,153,1,3,10,80,735,32,18,19,951,900,2031.0
2025,March,Rangpur Range,2,10,26,0,0,174,3,2,11,63,656,0,0,5,385,380,1332.0
2025,March,Railway Range,0,3,0,1,0,1,0,0,0,14,27,0,0,0,27,27,73.0
2025,April,DMP,7,37,29,12,1,191,19,7,48,118,540,5,6,24,538,503,1547.0
2025,April,CMP,0,3,0,8,0,51,3,3,16,27,148,5,0,5,130,120,400.0
2025,April,KMP,0,0,2,2,0,15,1,1,7,16,52,5,0,0,59,54,155.0
2025,April,RMP,0,2,2,1,0,21,0,0,4,13,58,0,0,0,72,72,173.0
2025,April,BMP,0,0,0,3,0,12,1,0,1,6,33,0,0,0,14,14,69.0
2025,April,SMP,0,1,2,5,0,27,1,1,3,8,48,3,0,0,23,20,122.0
2025,April,RPMP,0,0,0,0,0,6,0,0,0,7,33,0,0,0,24,24,70.0
2025,April,GMP,4,9,8,0,0,33,2,0,4,9,99,2,1,0,68,64,237.0
2025,April,Dhaka Range,11,28,74,6,0,345,19,12,52,96,1388,18,7,0,699,674,2730.0
2025,April,Mymensingh Range,0,7,21,6,0,120,2,1,4,37,512,4,0,42,339,293,1049.0
2025,April,Chittagong Range,8,19,66,15,2,278,15,7,39,98,1298,48,2,27,781,704,2626.0
2025,April,Sylhet Range,3,6,20,0,0,97,4,2,7,48,318,1,0,33,150,116,694.0
2025,April,Khulna Range,0,16,32,14,0,207,3,4,17,77,634,31,2,16,465,416,1378.0
2025,April,Barishal Range,4,6,8,14,1,152,2,2,29,31,424,11,2,0,148,135,821.0
2025,April,Rajshahi Range,5,4,27,1,0,179,2,1,7,68,721,21,18,12,572,521,1587.0
2025,April,Rangpur Range,1,4,16,3,0,175,5,1,8,54,694,3,2,5,415,405,1376.0
2025,April,Railway Range,0,4,0,0,0,0,0,0,0,6,12,0,0,4,43,39,65.0
2025,May,DMP,5,40,32,12,6,183,25,9,50,128,630,44,2,21,613,546,1733.0
2025,May,CMP,0,8,6,14,0,47,0,4,8,5,43,1,0,2,93,78,175.0
2025,May,KMP,1,5,5,2,0,15,0,0,5,13,72,1,0,0,95,93,203.0
2025,May,RMP,1,5,0,0,0,12,2,1,3,11,51,0,2,0,37,36,140.0
2025,May,BMP,1,0,4,1,1,27,1,0,5,14,51,3,0,0,49,45,134.0
2025,May,SMP,0,1,1,2,0,12,0,1,3,7,44,0,0,0,20,20,86.0
2025,May,RPMP,1,1,1,0,0,12,0,0,0,7,44,0,0,0,77,70,270.0
2025,May,GMP,2,9,7,9,0,33,5,0,2,14,121,5,2,2,109,100,308.0
2025,May,Dhaka Range,24,39,94,9,0,375,15,16,45,121,1197,48,6,2,809,753,2744.0
2025,May,Mymensingh Range,2,3,17,3,0,123,1,2,5,47,428,1,0,45,305,257,984.0
2025,May,Chittagong Range,12,20,55,8,1,242,9,11,53,85,1218,51,2,41,856,766,2674.0
2025,May,Sylhet Range,3,5,13,0,0,66,1,2,7,53,322,1,0,30,153,122,678.0
2025,May,Khulna Range,2,13,29,12,0,165,3,3,25,85,618,22,2,23,479,432,1496.0
2025,May,Barishal Range,4,7,12,1,0,111,1,2,21,25,435,5,1,3,184,175,843.0
2025,May,Rajshahi Range,2,11,26,4,0,152,0,1,12,87,708,24,19,13,630,586,1680.0
2025,May,Rangpur Range,1,2,15,0,0,177,3,1,10,75,699,3,2,3,428,422,1418.0
2025,May,Railway Range,0,2,0,0,0,0,0,0,0,7,15,1,0,4,45,40,73.0
2025,June,DMP,4,32,49,8,4,168,20,6,55,90,456,45,4,10,564,505,1456.0
2025,June,CMP,0,7,7,9,0,34,3,1,15,36,100,5,0,0,138,133,350.0
2025,June,KMP,0,4,3,1,0,14,0,0,8,14,35,7,1,2,61,51,141.0
2025,June,RMP,0,7,0,0,0,19,3,0,3,14,63,0,0,1,58,57,174.0
2025,June,BMP,0,1,1,0,0,12,1,0,2,5,38,0,0,0,34,32,94.0
2025,June,SMP,0,2,5,0,0,12,0,0,4,5,50,1,1,4,31,25,111.0
2025,June,RPMP,1,1,0,0,0,7,0,0,0,8,30,0,0,0,22,22,69.0
2025,June,GMP,1,5,8,0,0,24,6,3,7,12,76,1,1,0,59,57,201.0
2025,June,Dhaka Range,22,37,82,9,0,318,17,8,50,104,1233,36,3,5,755,711,2635.0
2025,June,Mymensingh Range,1,6,19,5,0,133,2,1,8,39,536,6,0,36,318,276,1068.0
2025,June,Chittagong Range,8,13,53,11,1,246,10,9,43,98,1118,41,2,31,792,718,2401.0
2025,June,Sylhet Range,2,5,15,4,0,74,2,0,6,50,310,1,0,33,161,127,660.0
2025,June,Khulna Range,2,7,27,10,0,157,4,4,19,65,550,13,4,14,507,476,1439.0
2025,June,Barishal Range,3,4,12,3,0,119,1,2,13,29,425,2,2,0,149,145,755.0
2025,June,Rajshahi Range,2,12,25,3,0,183,1,1,10,75,700,21,17,10,603,565,1732.0
2025,June,Rangpur Range,2,3,17,3,0,165,3,1,10,65,650,2,0,5,405,398,1329.0
2025,June,Railway Range,0,1,0,0,0,0,0,0,0,8,18,0,0,0,30,30,57.0
2025,July,DMP,4,38,75,8,3,171,25,5,46,101,555,23,13,11,575,528,1606.0
2025,July,CMP,0,8,9,4,0,54,6,4,16,28,129,3,0,5,164,156,422.0
2025,July,KMP,0,0,2,1,0,14,1,0,7,14,38,2,0,0,63,61,140.0
2025,July,RMP,0,4,2,0,0,18,3,2,6,14,64,4,0,0,90,86,203.0
2025,July,BMP,0,0,3,1,0,15,1,1,3,6,31,0,0,0,25,24,90.0
2025,July,SMP,0,0,3,1,0,14,0,1,3,14,50,1,0,0,24,23,107.0
2025,July,RPMP,1,1,0,0,0,7,0,0,0,8,32,4,0,0,24,20,74.0
2025,July,GMP,2,3,9,0,0,32,6,2,5,13,93,0,0,0,73,70,238.0
2025,July,Dhaka Range,22,36,77,14,0,364,12,6,70,142,1102,20,0,2,901,879,2746.0
2025,July,Mymensingh Range,0,3,23,7,0,114,10,1,7,36,408,0,0,31,325,293,934.0
2025,July,Chittagong Range,11,25,46,16,0,239,18,7,58,124,935,50,2,27,942,863,2421.0
2025,July,Sylhet Range,1,4,15,1,0,52,2,0,5,38,309,1,0,31,156,124,643.0
2025,July,Khulna Range,2,12,23,10,0,165,3,3,16,69,573,15,3,15,535,502,1415.0
2025,July,Barishal Range,3,4,12,3,0,123,0,0,11,36,412,4,0,0,176,172,780.0
2025,July,Rajshahi Range,3,7,21,4,0,147,2,2,10,74,688,20,16,16,613,563,1716.0
2025,July,Rangpur Range,2,5,15,2,0,167,4,1,10,61,634,2,0,5,387,380,1314.0
2025,July,Railway Range,0,0,0,0,0,0,0,0,0,7,12,0,0,0,16,16,35.0
2025,August,DMP,2,52,32,7,1,159,16,5,51,132,555,14,13,10,594,557,1606.0
2025,August,CMP,1,10,3,7,0,49,6,7,13,25,134,4,0,5,145,136,400.0
2025,August,KMP,0,0,2,0,0,17,3,0,7,20,75,1,0,0,71,70,200.0
2025,August,RMP,0,4,3,0,0,18,3,0,7,20,75,1,0,0,71,70,200.0
2025,August,BMP,0,0,3,0,0,17,0,1,3,9,38,1,0,0,43,42,125.0
2025,August,SMP,0,1,5,0,0,12,1,0,4,16,61,0,1,7,33,25,125.0
2025,August,RPMP,0,0,0,0,0,17,0,0,2,5,25,0,0,0,16,15,61.0
2025,August,GMP,0,0,0,0,0,27,3,2,6,26,88,1,1,0,82,81,250.0
2025,August,Dhaka Range,19,36,73,8,0,346,19,6,49,159,1156,20,3,7,924,894,2795.0
2025,August,Mymensingh Range,0,5,24,1,0,104,5,3,10,34,364,4,0,45,358,309,908.0
2025,August,Chittagong Range,17,18,42,17,1,229,15,6,76,134,1014,52,2,43,1061,964,2630.0
2025,August,Sylhet Range,2,5,17,3,0,79,4,0,6,56,310,1,0,30,162,127,678.0
2025,August,Khulna Range,2,13,29,13,0,170,4,3,20,60,534,13,1,14,580,552,1482.0
2025,August,Barishal Range,4,4,16,5,0,131,0,0,13,31,399,4,0,0,155,151,758.0
2025,August,Rajshahi Range,5,6,16,1,0,157,2,1,14,75,699,21,18,12,597,546,1753.0
2025,August,Rangpur Range,1,3,14,2,0,170,4,1,8,55,688,2,0,5,412,405,1365.0
2025,August,Railway Range,0,0,0,0,0,1,0,0,0,8,12,0,0,0,18,18,39.0
